datetime,temp,dew,humidity,precip,precipprob,windspeed,winddir,cloudcover,visibility,solarradiation,solarenergy,conditions,icon
2023-02-11T00:00:00,25,23,88.7,0,0,7.5,140,49.9,8,0,,Partially cloudy,partly-cloudy-night
2023-02-11T01:00:00,24.4,22.9,91,0,0,4.7,171,85.7,16.6,0,,Partially cloudy,partly-cloudy-night
2023-02-11T02:00:00,24,23,94.17,0,0,3.6,180,49.9,8,0,,Partially cloudy,partly-cloudy-night
2023-02-11T03:00:00,23,22,94.11,0,0,1.8,170,28.6,8,0,,Partially cloudy,partly-cloudy-night
2023-02-11T04:00:00,23.4,21.6,89.36,0,0,0,183.8,64.3,16.3,0,,Partially cloudy,partly-cloudy-night
2023-02-11T05:00:00,23,22,94.11,0,0,3.6,160,28.6,6,0,,Partially cloudy,partly-cloudy-night
2023-02-11T06:00:00,23,22,94.12,0,0,3.6,200,28.6,6,0,,Partially cloudy,partly-cloudy-night
2023-02-11T07:00:00,23.1,22,93.72,0,0,0,140,64.3,15.7,23,0.1,Partially cloudy,partly-cloudy-day
2023-02-11T08:00:00,25,22,83.5,0,0,1.8,180,28.6,8,121,0.4,Partially cloudy,partly-cloudy-day
2023-02-11T09:00:00,26,23,83.57,0,0,7.6,130,28.6,8,295,1.1,Partially cloudy,partly-cloudy-day
2023-02-11T10:00:00,27.1,22.6,76.44,0,0,7.2,160,78.6,16.6,616,2.2,Partially cloudy,partly-cloudy-day
2023-02-11T11:00:00,27,23,78.76,0,0,11.1,110,49.9,8,809,2.9,Partially cloudy,partly-cloudy-day
2023-02-11T12:00:00,28,23,74.29,0,0,12.9,120,28.6,10,882,3.2,Partially cloudy,partly-cloudy-day
2023-02-11T13:00:00,28.1,22.2,70.53,0,0,12.4,96,64.3,17.1,879,3.2,Partially cloudy,partly-cloudy-day
2023-02-11T14:00:00,28,22,69.93,0,0,16.5,110,28.6,10,801,2.9,Partially cloudy,partly-cloudy-day
2023-02-11T15:00:00,28,22,69.93,0,0,20.5,120,28.6,10,667,2.4,Partially cloudy,partly-cloudy-day
2023-02-11T16:00:00,27.2,21.7,71.93,0,0,15.5,113,64.3,17.1,479,1.7,Partially cloudy,partly-cloudy-day
2023-02-11T17:00:00,26,22,78.62,0,0,14.7,120,28.6,10,248,0.9,Partially cloudy,partly-cloudy-day
2023-02-11T18:00:00,25,22,83.44,0,0,9.4,120,28.6,10,38,0.1,Partially cloudy,partly-cloudy-night
2023-02-11T19:00:00,25.1,22.2,84.2,0,0,3.6,140,64.3,17.1,0,,Partially cloudy,partly-cloudy-night
2023-02-11T20:00:00,25,22,83.46,0,0,5.4,120,28.6,10,0,,Partially cloudy,partly-cloudy-night
2023-02-11T21:00:00,25,23,88.68,0,0,7.6,120,49.9,10,0,,Partially cloudy,partly-cloudy-night
2023-02-11T22:00:00,24.7,22.2,86.02,0,0,3.6,110,78.6,17.1,0,,Partially cloudy,partly-cloudy-night
2023-02-11T23:00:00,24,22,88.6,0,0,5.4,150,89.2,10,0,,Partially cloudy,partly-cloudy-night
2023-02-12T00:00:00,24,22,88.62,0,0,0,1,89.2,8,0,,Partially cloudy,partly-cloudy-night
2023-02-12T01:00:00,24.4,22.2,87.89,0,0,0,182,64.3,16.6,0,,Partially cloudy,partly-cloudy-night
2023-02-12T02:00:00,23,22,94.11,0,0,7.5,170,28.6,6,0,,Partially cloudy,partly-cloudy-night
2023-02-12T03:00:00,23,22,94.11,0,0,3.6,170,28.6,6,0,,Partially cloudy,partly-cloudy-night
2023-02-12T04:00:00,23.4,22.2,92.92,0,0,0,191.4,64.3,15.7,0,,Partially cloudy,partly-cloudy-night
2023-02-12T05:00:00,23,22,94.12,0,0,3.6,159,49.9,5,0,,Partially cloudy,partly-cloudy-night
2023-02-12T06:00:00,23,22,94.12,0,0,1.8,190,89.4,4,0,,Partially cloudy,partly-cloudy-night
2023-02-12T07:00:00,23.7,22.7,94.15,0,0,3.6,140,82.3,15.7,33,0.1,Partially cloudy,partly-cloudy-day
2023-02-12T08:00:00,25,23,88.68,0,0,7.5,140,50,7,235,0.8,Partially cloudy,partly-cloudy-day
2023-02-12T09:00:00,27,23,78.78,0,0,7.5,140,50,8,468,1.7,Partially cloudy,partly-cloudy-day
2023-02-12T10:00:00,27.7,23.1,75.86,0,0,6.7,105,78.6,17.1,669,2.4,Partially cloudy,partly-cloudy-day
2023-02-12T11:00:00,28,23,74.29,0,0,14.7,120,28.8,10,815,2.9,Partially cloudy,partly-cloudy-day
2023-02-12T12:00:00,28,23,74.29,0,0,12.9,110,28.8,10,893,3.2,Partially cloudy,partly-cloudy-day
2023-02-12T13:00:00,28.5,22.1,68.49,0,0,10.8,110,64.3,17.1,896,3.2,Partially cloudy,partly-cloudy-day
2023-02-12T14:00:00,28,22,69.9,0,0,16.5,100,28.6,10,822,3,Partially cloudy,partly-cloudy-day
2023-02-12T15:00:00,28,22,69.89,0,0,14.7,110,28.6,10,680,2.4,Partially cloudy,partly-cloudy-day
2023-02-12T16:00:00,28.4,22.2,69.35,0,0,8.8,90,64.3,17.1,484,1.7,Partially cloudy,partly-cloudy-day
2023-02-12T17:00:00,26,22,78.62,0,0,7.6,100,28.6,10,248,0.9,Partially cloudy,partly-cloudy-day
2023-02-12T18:00:00,25,22,83.44,0,0,7.6,80,28.6,10,39,0.1,Partially cloudy,partly-cloudy-night
2023-02-12T19:00:00,25.1,22.2,84.21,0,0,3.6,90,64.3,17.1,0,,Partially cloudy,partly-cloudy-night
2023-02-12T20:00:00,25,22,83.46,0,0,5.4,41,28.6,10,0,,Partially cloudy,partly-cloudy-night
2023-02-12T21:00:00,25,22,83.46,0,0,3.6,180,28.6,10,0,,Partially cloudy,partly-cloudy-night
2023-02-12T22:00:00,25.1,22.4,84.95,0,0,3.1,110,64.3,17.1,0,,Partially cloudy,partly-cloudy-night
2023-02-12T23:00:00,25,22,83.43,0,0,1.8,230,28.6,10,0,,Partially cloudy,partly-cloudy-night
2023-02-13T00:00:00,24,22,88.59,0,0,1.8,150,28.6,10,0,,Partially cloudy,partly-cloudy-night
2023-02-13T01:00:00,24.4,22.2,87.89,0,0,0,191.3,64.3,17.1,0,,Partially cloudy,partly-cloudy-night
2023-02-13T02:00:00,24,22,88.6,0,0,1.8,60,28.6,10,0,,Partially cloudy,partly-cloudy-night
2023-02-13T03:00:00,24,23,94.12,0,0,5.4,150,28.6,8,0,,Partially cloudy,partly-cloudy-night
2023-02-13T04:00:00,23.7,22.4,92.1,0,0,0.5,180,64.3,16.3,0,,Partially cloudy,partly-cloudy-night
2023-02-13T05:00:00,24,22,88.6,0,0,5.4,180,28.6,6,0,,Partially cloudy,partly-cloudy-night
2023-02-13T06:00:00,23,22,94.11,0,0,1.8,191.4,28.6,5,0,,Partially cloudy,partly-cloudy-night
2023-02-13T07:00:00,24.1,22.9,92.96,0,0,3.6,140,64.3,15.4,35,0.1,Partially cloudy,partly-cloudy-day
2023-02-13T08:00:00,25,23,88.68,0,0,3.6,160,28.6,5,240,0.9,Partially cloudy,partly-cloudy-day
2023-02-13T09:00:00,27,23,78.76,0,0,9.3,180,28.6,7,475,1.7,Partially cloudy,partly-cloudy-day
2023-02-13T10:00:00,29,22.7,68.89,0,0,10.8,200,64.3,17.1,678,2.4,Partially cloudy,partly-cloudy-day
2023-02-13T11:00:00,29,24,74.44,0,0,7.6,110,28.6,8,824,3,Partially cloudy,partly-cloudy-day
2023-02-13T12:00:00,29,24,74.42,0,0,12.9,90,28.6,8,901,3.2,Partially cloudy,partly-cloudy-day
2023-02-13T13:00:00,29.1,23,69.77,0,0,10.8,70,64.3,16.3,832,3,Partially cloudy,partly-cloudy-day
2023-02-13T14:00:00,29,23,70.08,0,0,14.8,110,28.6,8,763,2.7,Partially cloudy,partly-cloudy-day
2023-02-13T15:00:00,28,23,74.25,0,0,12.9,110,30,10,684,2.5,Partially cloudy,partly-cloudy-day
2023-02-13T16:00:00,27.5,22.1,72.57,0,0,13.5,110,80,17.1,486,1.7,Partially cloudy,partly-cloudy-day
2023-02-13T17:00:00,26,23,83.54,0,0,12.9,100,50,10,252,0.9,Partially cloudy,partly-cloudy-day
2023-02-13T18:00:00,25,23,88.65,0,0,7.6,100,28.6,8,39,0.1,Partially cloudy,partly-cloudy-night
2023-02-13T19:00:00,25.1,22.9,87.55,0,0,7.2,90,64.3,16.6,0,,Partially cloudy,partly-cloudy-night
2023-02-13T20:00:00,25,23,88.67,0,0,3.6,350,28.6,8,0,,Partially cloudy,partly-cloudy-night
2023-02-13T21:00:00,25,23,88.68,0,0,1.8,70,28.8,8,0,,Partially cloudy,partly-cloudy-night
2023-02-13T22:00:00,25,22.9,87.94,0,0,0,158,64.3,16.6,0,,Partially cloudy,partly-cloudy-night
2023-02-13T23:00:00,24,23,94.13,0,0,3.6,60,28.8,8,0,,Partially cloudy,partly-cloudy-night
2023-02-14T00:00:00,24,23,94.15,0,0,1.8,70,28.8,8,0,,Partially cloudy,partly-cloudy-night
2023-02-14T01:00:00,24.1,22.9,92.95,0,0,3.6,110,64.3,16.6,0,,Partially cloudy,partly-cloudy-night
2023-02-14T02:00:00,24,23,94.13,0,0,1.8,290,28.8,8,0,,Partially cloudy,partly-cloudy-night
2023-02-14T03:00:00,24,23,94.13,0,0,0,359,28.8,6,0,,Partially cloudy,partly-cloudy-night
2023-02-14T04:00:00,24,22.7,92.55,0,0,3.6,141,71.4,15.7,0,,Partially cloudy,partly-cloudy-night
2023-02-14T05:00:00,24,23,94.15,0,0,1.8,320,50.1,4,0,,Partially cloudy,partly-cloudy-night
2023-02-14T06:00:00,24,23,94.15,0,0,3.6,40,50.1,4,0,,Partially cloudy,partly-cloudy-night
2023-02-14T07:00:00,23.7,23,95.79,0,0,7.2,89,78.6,1.6,25,0.1,Partially cloudy,partly-cloudy-day
2023-02-14T08:00:00,24,23,94.15,0,0,0,359,50.1,4,175,0.6,Partially cloudy,partly-cloudy-day
2023-02-14T09:00:00,26,23,83.58,0,0,5.4,300,89.4,6,425,1.5,Partially cloudy,partly-cloudy-day
2023-02-14T10:00:00,27.1,22.9,77.81,0,0,4.1,97,78.6,9.2,647,2.3,Partially cloudy,partly-cloudy-day
2023-02-14T11:00:00,27,23,78.78,0,0,3.6,320,50.1,8,807,2.9,Partially cloudy,partly-cloudy-day
2023-02-14T12:00:00,27,23,78.78,0,0,5.4,320,89.4,8,883,3.2,Partially cloudy,partly-cloudy-day
2023-02-14T13:00:00,28.1,22.6,71.73,0,0,3.6,90,90,10,865,3.1,Partially cloudy,partly-cloudy-day
2023-02-14T14:00:00,27,22,74.18,0,0,9.4,90,89.4,10,814,2.9,Partially cloudy,partly-cloudy-day
2023-02-14T15:00:00,27,23,78.81,0,0,11.2,110,89.4,10,665,2.4,Partially cloudy,partly-cloudy-day
2023-02-14T16:00:00,27.1,22.7,77.16,0,0,7.3,90,89.5,9.4,367,1.3,Partially cloudy,partly-cloudy-day
2023-02-14T17:00:00,25,23,88.7,0,0,13,350,89.4,8,208,0.7,Partially cloudy,partly-cloudy-day
2023-02-14T18:00:00,26,22,78.68,0,0,5.5,60,89.4,10,29,0.1,Partially cloudy,partly-cloudy-night
2023-02-14T19:00:00,25.4,22.4,83.54,0.114,100,0.1,340,78.6,9.1,0,,"Rain, Partially cloudy",rain
2023-02-14T20:00:00,25,22,83.5,0,0,5.5,70,50.1,7,0,,Partially cloudy,partly-cloudy-night
2023-02-14T21:00:00,24,22,88.63,0,0,7.6,330,50.1,7,0,,Partially cloudy,partly-cloudy-night
2023-02-14T22:00:00,23.4,22.2,93.32,0,0,7.8,23,96.6,2.3,0,,Overcast,cloudy
2023-02-14T23:00:00,22,22,99.98,0,0,9.4,360,89.4,7,0,,Partially cloudy,partly-cloudy-night
2023-02-15T00:00:00,22,21,94.06,0,0,9.4,320,89.4,7,0,,Partially cloudy,partly-cloudy-night
2023-02-15T01:00:00,22.1,20.2,89.25,0.072,100,7.2,320,96.6,9.1,0,,"Rain, Overcast",rain
2023-02-15T02:00:00,22,20,88.45,0,0,13,320,89.4,7,0,,Partially cloudy,partly-cloudy-night
2023-02-15T03:00:00,21,20,94.02,0,0,14.8,320,89.4,7,0,,Partially cloudy,partly-cloudy-night
2023-02-15T04:00:00,20.7,19.9,94.84,0,0,10.8,320,89.5,9.1,0,,Partially cloudy,partly-cloudy-night
2023-02-15T05:00:00,21,19,88.37,0,0,7.6,330,89.4,7,0,,Partially cloudy,partly-cloudy-night
2023-02-15T06:00:00,20.8,19.1,90,0,0,14,336.2,100,21.7,0,,Overcast,cloudy
2023-02-15T07:00:00,20.7,19.1,90.33,0.013,100,3.1,320,96.6,4,2,0,"Rain, Overcast",rain
2023-02-15T08:00:00,21,20,94.02,0,0,5.5,300,89.4,5,9,0,Partially cloudy,partly-cloudy-day
2023-02-15T09:00:00,20,19,93.98,0,0,7.6,320,89.4,4,16,0.1,Partially cloudy,partly-cloudy-day
2023-02-15T10:00:00,20.4,19.1,92.36,0,0,5.3,296,96.6,4,15,0.1,Overcast,cloudy
2023-02-15T11:00:00,20,19,93.98,0,0,5.5,310,89.4,4,19,0.1,Partially cloudy,partly-cloudy-day
2023-02-15T12:00:00,20,20,99.98,0,0,7.6,320,50.1,6,19,0.1,Partially cloudy,partly-cloudy-day
2023-02-15T13:00:00,20.4,19.2,93.18,0.17,100,8.3,320,96.6,8.8,21,0.1,"Rain, Overcast",rain
2023-02-15T14:00:00,20,19,93.98,0,0,13,320,89.4,4,22,0.1,Partially cloudy,partly-cloudy-day
2023-02-15T15:00:00,20,19,93.98,0,0,14.8,310,89.4,6,16,0.1,Partially cloudy,partly-cloudy-day
2023-02-15T16:00:00,20,19,93.99,0,0,11.9,323,96.6,8.8,10,0,Overcast,cloudy
2023-02-15T17:00:00,22,21,94.06,0,0,13,340,89.4,6,5,0,Partially cloudy,partly-cloudy-day
2023-02-15T18:00:00,22,21,94.06,0,0,14.7,20,89.4,6,1,0,Partially cloudy,partly-cloudy-night
2023-02-15T19:00:00,22.7,20.4,87.35,60.201,100,10.8,49,100,8.8,0,,"Rain, Overcast",rain
2023-02-15T20:00:00,23,20,83.26,0,0,14.8,30,89.4,7,0,,Partially cloudy,partly-cloudy-night
2023-02-15T21:00:00,23,20,83.27,0,0,11.1,30,89.4,7,0,,Partially cloudy,partly-cloudy-night
2023-02-15T22:00:00,23,19.9,82.53,0,0,10.8,20,89.5,9.1,0,,Partially cloudy,partly-cloudy-night
2023-02-15T23:00:00,23,20,83.27,0,0,12.9,20,89.4,7,0,,Partially cloudy,partly-cloudy-night
2023-02-16T00:00:00,23,20,83.27,0,0,16.5,40,89.4,7,0,,Partially cloudy,partly-cloudy-night
2023-02-16T01:00:00,23,19.9,82.54,0.144,100,10.8,49,89.5,9.1,0,,"Rain, Partially cloudy",rain
2023-02-16T02:00:00,23,19,78.27,0,0,11.2,30,89.4,7,0,,Partially cloudy,partly-cloudy-night
2023-02-16T03:00:00,23,20,83.27,0,0,11.1,30,89.4,7,0,,Partially cloudy,partly-cloudy-night
2023-02-16T04:00:00,22.7,19.2,80.69,0,0,7.2,49,89.5,9.1,0,,Partially cloudy,partly-cloudy-night
2023-02-16T05:00:00,23,19,78.27,0,0,13,40,89.4,7,0,,Partially cloudy,partly-cloudy-night
2023-02-16T06:00:00,23,19,78.27,0,0,9.3,40,89.4,8,0,,Partially cloudy,partly-cloudy-night
2023-02-16T07:00:00,22.7,19.2,80.69,0.042,100,7.2,70,89.5,9.4,12,0,"Rain, Partially cloudy",rain
2023-02-16T08:00:00,23,20,83.27,0,0,18.3,50,89.4,8,99,0.4,Partially cloudy,partly-cloudy-day
2023-02-16T09:00:00,24,19,73.69,0,0,13,40,89.4,8,243,0.9,Partially cloudy,partly-cloudy-day
2023-02-16T10:00:00,24.7,19.5,72.85,0,0,11,50,96.6,10,577,2.1,Overcast,cloudy
2023-02-16T11:00:00,25,20,73.86,0,0,16.5,50,50.1,10,642,2.3,Partially cloudy,partly-cloudy-day
2023-02-16T12:00:00,26,19,65.43,0,0,18.3,60,50.1,10,768,2.8,Partially cloudy,partly-cloudy-day
2023-02-16T13:00:00,25.8,19,66.26,0.001,100,16.1,67,78.6,10,442,1.6,"Rain, Partially cloudy",rain
2023-02-16T14:00:00,26,19,65.43,0,0,22.3,80,50.1,10,590,2.1,Partially cloudy,partly-cloudy-day
2023-02-16T15:00:00,25,19,69.42,0,0,14.7,60,50.1,8,675,2.4,Partially cloudy,partly-cloudy-day
2023-02-16T16:00:00,24.4,17.7,66.28,0,0,9.4,70,78.6,9.5,392,1.4,Partially cloudy,partly-cloudy-day
2023-02-16T17:00:00,24,19,73.69,0,0,14.7,50,50.1,8,251,0.9,Partially cloudy,partly-cloudy-day
2023-02-16T18:00:00,23,19,78.25,0,0,9.4,60,50.1,8,40,0.1,Partially cloudy,partly-cloudy-night
2023-02-16T19:00:00,23,19,78.26,0.199,100,7.8,53,78.6,16.6,0,,"Rain, Partially cloudy",rain
2023-02-16T20:00:00,23,19,78.25,0,0,9.4,60,50.1,8,0,,Partially cloudy,partly-cloudy-night
2023-02-16T21:00:00,23,19,78.25,0,0,7.6,50,28.8,8,0,,Partially cloudy,partly-cloudy-night
2023-02-16T22:00:00,22.7,19.4,81.75,0,0,6.7,64,78.6,9.4,0,,Partially cloudy,partly-cloudy-night
2023-02-16T23:00:00,23,19,78.25,0,0,9.4,50,50.2,8,0,,Partially cloudy,partly-cloudy-night
2023-02-17T00:00:00,22,20,88.45,0,0,5.4,350,50.2,8,0,,Partially cloudy,partly-cloudy-night
2023-02-17T01:00:00,22.4,19.4,82.83,0.001,100,4.1,17,78.6,10,0,,"Rain, Partially cloudy",rain
2023-02-17T02:00:00,22,20,88.45,0,0,11.1,350,50.2,8,0,,Partially cloudy,partly-cloudy-night
2023-02-17T03:00:00,22,19,83.14,0,0,9.4,350,50.2,8,0,,Partially cloudy,partly-cloudy-night
2023-02-17T04:00:00,21.4,19.1,86.48,0,0,5.8,357,78.6,9.4,0,,Partially cloudy,partly-cloudy-night
2023-02-17T05:00:00,21,19,88.39,0,0,11.2,360,50.2,8,0,,Partially cloudy,partly-cloudy-night
2023-02-17T06:00:00,21,19,88.37,0,0,5.4,330,50.2,8,0,,Partially cloudy,partly-cloudy-night
2023-02-17T07:00:00,21.4,19,86.47,0,0,1.6,310,71.4,16.6,6,0,Partially cloudy,partly-cloudy-day
2023-02-17T08:00:00,23,19,78.24,0,0,13,350,28.8,10,92,0.3,Partially cloudy,partly-cloudy-day
2023-02-17T09:00:00,24,19,73.68,0,0,11.2,360,28.8,10,323,1.2,Partially cloudy,partly-cloudy-day
2023-02-17T10:00:00,24.7,18.7,69.04,0,0,6.3,360,71.4,17.1,369,1.3,Partially cloudy,partly-cloudy-day
2023-02-17T11:00:00,25,19,69.4,0,0,16.6,350,50.1,10,547,2,Partially cloudy,partly-cloudy-day
2023-02-17T12:00:00,24,19,73.65,0,0,20.5,360,89.4,10,471,1.7,Partially cloudy,partly-cloudy-day
2023-02-17T13:00:00,25.1,18.3,66.07,0,0,7.2,360,90,20,593,2.1,Partially cloudy,partly-cloudy-day
2023-02-17T14:00:00,24,19,73.66,0,0,18.3,10,89.4,10,751,2.7,Partially cloudy,partly-cloudy-day
2023-02-17T15:00:00,23,19,78.24,0,0,18.3,20,89.4,8,623,2.2,Partially cloudy,partly-cloudy-day
2023-02-17T16:00:00,22.7,18.7,77.85,0,0,10.4,20,89.5,16,458,1.6,Partially cloudy,partly-cloudy-day
2023-02-17T17:00:00,22,18,78.09,0,0,18.3,20,89.5,6,241,0.9,Partially cloudy,partly-cloudy-day
2023-02-17T18:00:00,23,18,73.51,0,0,11.1,360,89.5,7,32,0.1,Partially cloudy,partly-cloudy-night
2023-02-17T19:00:00,22.4,17.7,74.76,0,0,3.6,340,89.5,16.3,0,,Partially cloudy,partly-cloudy-night
2023-02-17T20:00:00,22,18,78.11,0,0,7.6,320,89.5,7,0,,Partially cloudy,partly-cloudy-night
2023-02-17T21:00:00,22,18,78.11,0,0,5.4,330,89.5,7,0,,Partially cloudy,partly-cloudy-night
2023-02-17T22:00:00,22,17.9,77.42,0,0,3.6,320,89.5,16.3,0,,Partially cloudy,partly-cloudy-night
2023-02-17T23:00:00,22,18,78.11,0,0,0,358,89.5,7,0,,Partially cloudy,partly-cloudy-night
2023-02-18T00:00:00,22,18,78.11,0,0,3.6,320,89.5,7,0,,Partially cloudy,partly-cloudy-night
2023-02-18T01:00:00,21.7,18.2,80.56,0,0,3.6,320,96.6,16.3,0,,Overcast,cloudy
2023-02-18T02:00:00,21,18,83.02,0,0,0,0,89.4,7,0,,Partially cloudy,partly-cloudy-night
2023-02-18T03:00:00,21,18,83.02,0,0,0,359,89.4,7,0,,Partially cloudy,partly-cloudy-night
2023-02-18T04:00:00,21.4,18.2,82.34,0,0,0,298.7,89.5,16.3,0,,Partially cloudy,partly-cloudy-night
2023-02-18T05:00:00,21,18,83.02,0,0,0,359,89.4,7,0,,Partially cloudy,partly-cloudy-night
2023-02-18T06:00:00,20,18,88.29,0,0,3.6,290,89.4,7,0,,Partially cloudy,partly-cloudy-night
2023-02-18T07:00:00,20.7,18.4,86.79,0,0,0.5,210,78.6,16,35,0.1,Partially cloudy,partly-cloudy-day
2023-02-18T08:00:00,23,19,78.24,0,0,1.8,290,28.8,8,234,0.8,Partially cloudy,partly-cloudy-day
2023-02-18T09:00:00,25,18,65.21,0,0,0,360,28.8,10,463,1.7,Partially cloudy,partly-cloudy-day
2023-02-18T10:00:00,26.1,18.8,64.26,0,0,3.1,141,64.3,17.1,681,2.5,Partially cloudy,partly-cloudy-day
2023-02-18T11:00:00,25,19,69.38,0,0,7.6,50,50,10,821,3,Partially cloudy,partly-cloudy-day
2023-02-18T12:00:00,25,19,69.39,0,0,5.4,30,50,10,859,3.1,Partially cloudy,partly-cloudy-day
2023-02-18T13:00:00,26.4,19.5,66.04,0,0,5.2,100,78.6,17.1,846,3,Partially cloudy,partly-cloudy-day
2023-02-18T14:00:00,26,19,65.4,0,0,14.7,100,50,10,732,2.6,Partially cloudy,partly-cloudy-day
2023-02-18T15:00:00,25,19,69.4,0,0,18.4,80,50,10,556,2,Partially cloudy,partly-cloudy-day
2023-02-18T16:00:00,25.7,20,70.77,0,0,5.8,11,78.6,17.1,438,1.6,Partially cloudy,partly-cloudy-day
2023-02-18T17:00:00,24,20,78.39,0,0,13,350,89.5,10,254,0.9,Partially cloudy,partly-cloudy-day
2023-02-18T18:00:00,23,20,83.26,0,0,11.2,350,89.5,8,42,0.2,Partially cloudy,partly-cloudy-night
2023-02-18T19:00:00,23.4,20.1,81.84,0,0,3.6,340,89.5,16.6,0,,Partially cloudy,partly-cloudy-night
2023-02-18T20:00:00,23,20,83.26,0,0,12.9,350,89.5,8,0,,Partially cloudy,partly-cloudy-night
2023-02-18T21:00:00,22,20,88.45,0,0,5.4,320,89.4,7,0,,Partially cloudy,partly-cloudy-night
2023-02-18T22:00:00,22.4,20.4,88.1,0,0,0,269.9,89.4,16.3,0,,Partially cloudy,partly-cloudy-night
2023-02-18T23:00:00,23,20,83.26,0,0,0,359,89.4,7,0,,Partially cloudy,partly-cloudy-night
2023-02-19T00:00:00,23,21,88.54,0,0,5.4,350,89.4,7,0,,Partially cloudy,partly-cloudy-night
2023-02-19T01:00:00,23.1,20.9,87.39,0,0,4.1,329,89.4,16.3,0,,Partially cloudy,partly-cloudy-night
2023-02-19T02:00:00,22,21,94.06,0,0,9.3,330,89.4,7,0,,Partially cloudy,partly-cloudy-night
2023-02-19T03:00:00,22,21,94.06,0,0,1.8,300,89.4,7,0,,Partially cloudy,partly-cloudy-night
2023-02-19T04:00:00,22.4,20.7,90.46,0,0,4.7,323,89.5,16,0,,Partially cloudy,partly-cloudy-night
2023-02-19T05:00:00,22,20,88.44,0,0,12.9,360,89.4,6,0,,Partially cloudy,partly-cloudy-night
2023-02-19T06:00:00,22,20,88.44,0,0,11.2,10,89.4,5,0,,Partially cloudy,partly-cloudy-night
2023-02-19T07:00:00,22.4,20.7,90.06,0,0,3.6,360,96.6,16,13,0,Overcast,cloudy
2023-02-19T08:00:00,23,21,88.55,0,0,14.7,360,50.1,8,56,0.2,Partially cloudy,partly-cloudy-day
2023-02-19T09:00:00,24,20,78.41,0,0,12.9,10,50.1,10,195,0.7,Partially cloudy,partly-cloudy-day
2023-02-19T10:00:00,23.2,20.4,84,0,0,10.4,360,78.6,17.1,646,2.3,Partially cloudy,partly-cloudy-day
2023-02-19T11:00:00,26,20,69.59,0,0,18.3,350,50.1,10,749,2.7,Partially cloudy,partly-cloudy-day
2023-02-19T12:00:00,26,20,69.58,0,0,18.3,360,28.8,10,864,3.1,Partially cloudy,partly-cloudy-day
2023-02-19T13:00:00,26.7,19.7,65.53,0.013,100,7.2,360,64.3,17.1,875,3.2,"Rain, Partially cloudy",rain
2023-02-19T14:00:00,27,19,61.64,0,0,20.5,20,28.8,10,832,3,Partially cloudy,partly-cloudy-day
2023-02-19T15:00:00,26,19,65.41,0,0,31.6,20,28.8,10,689,2.5,Partially cloudy,partly-cloudy-day
2023-02-19T16:00:00,25.4,19.2,68.84,0,0,10.8,360,64.3,17.1,485,1.7,Partially cloudy,partly-cloudy-day
2023-02-19T17:00:00,24,20,78.39,0,0,22.3,10,28.8,10,251,0.9,Partially cloudy,partly-cloudy-day
2023-02-19T18:00:00,23,19,78.24,0,0,29.5,20,50.1,10,44,0.2,Partially cloudy,partly-cloudy-night
2023-02-19T19:00:00,23.4,19.1,76.93,0.1,100,7.2,20,96.5,17.1,0,,"Rain, Overcast",rain
2023-02-19T20:00:00,22,20,88.44,0,0,16.5,40,89.4,5,0,,Partially cloudy,partly-cloudy-night
2023-02-19T21:00:00,21,20,94.02,0,0,5.4,10,89.4,8,0,,Partially cloudy,partly-cloudy-night
2023-02-19T22:00:00,22.7,19.7,83.58,0,0,4.1,331,96.6,9.5,0,,Overcast,cloudy
2023-02-19T23:00:00,22,19,83.11,0,0,3.6,310,89.4,8,0,,Partially cloudy,partly-cloudy-night
2023-02-20T00:00:00,22,19,83.14,0,0,3.6,320,89.4,10,0,,Partially cloudy,partly-cloudy-night
2023-02-20T01:00:00,22.4,19.2,82.1,0.008,100,2.6,331,96.6,10,0,,"Rain, Overcast",rain
2023-02-20T02:00:00,22,19,83.14,0,0,0,359,89.4,10,0,,Partially cloudy,partly-cloudy-night
2023-02-20T03:00:00,22,19,83.14,0,0,3.6,320,89.4,10,0,,Partially cloudy,partly-cloudy-night
2023-02-20T04:00:00,22.1,19.2,83.9,0,0,0.5,329.4,89.5,9.4,0,,Partially cloudy,partly-cloudy-night
2023-02-20T05:00:00,22,19,83.14,0,0,1.8,280,89.4,8,0,,Partially cloudy,partly-cloudy-night
2023-02-20T06:00:00,23,19,78.26,0,0,11.2,10,89.4,10,0,,Partially cloudy,partly-cloudy-night
2023-02-20T07:00:00,23.4,19,76.6,0.038,100,3.6,360,96.6,10,15,0.1,"Rain, Overcast",rain
2023-02-20T08:00:00,23,19,78.27,0,0,9.4,10,89.4,8,131,0.5,Partially cloudy,partly-cloudy-day
2023-02-20T09:00:00,24,20,78.4,0,0,12.9,20,89.4,10,245,0.9,Partially cloudy,partly-cloudy-day
2023-02-20T10:00:00,24.7,19.7,74.13,0,0,7.2,20,96.6,10,479,1.7,Overcast,cloudy
2023-02-20T11:00:00,24,20,78.39,0,0,16.5,360,89.4,10,503,1.8,Partially cloudy,partly-cloudy-day
2023-02-20T12:00:00,24,19,73.66,0,0,16.5,10,89.4,10,883,3.2,Partially cloudy,partly-cloudy-day
2023-02-20T13:00:00,25,18.9,68.79,0.017,100,3.6,360,89.5,7.2,742,2.7,"Rain, Partially cloudy",rain
2023-02-20T14:00:00,25,18,65.19,0,0,14.7,350,89.4,10,761,2.7,Partially cloudy,partly-cloudy-day
2023-02-20T15:00:00,25,19,69.37,0,0,12.9,350,89.4,10,425,1.5,Partially cloudy,partly-cloudy-day
2023-02-20T16:00:00,24.4,18.2,68.36,0,0,5.8,3,89.4,10,219,0.8,Partially cloudy,partly-cloudy-day
2023-02-20T17:00:00,24,19,73.66,0,0,11.1,360,89.4,10,148,0.5,Partially cloudy,partly-cloudy-day
2023-02-20T18:00:00,23,19,78.23,0,0,7.5,350,89.4,10,45,0.2,Partially cloudy,partly-cloudy-night
2023-02-20T19:00:00,23.4,19,76.59,0.199,100,2.2,350,89.4,10,0,,"Rain, Partially cloudy",rain
2023-02-20T20:00:00,23,19,78.26,0,0,9.3,10,89.4,10,0,,Partially cloudy,partly-cloudy-night
2023-02-20T21:00:00,22,20,88.44,0,0,7.6,340,50.1,10,0,,Partially cloudy,partly-cloudy-night
2023-02-20T22:00:00,22.4,20.1,86.57,0,0,1.5,30,96.5,10,0,,Overcast,cloudy
2023-02-20T23:00:00,22,20,88.44,0,0,3.6,304.4,89.4,8,0,,Partially cloudy,partly-cloudy-night
2023-02-21T00:00:00,20.6,18,85.05,0,0,5.4,339.7,97,8,0,,Overcast,cloudy
2023-02-21T01:00:00,21.8,19.7,88.06,0,0,3.6,320,89.5,9.4,0,,Partially cloudy,partly-cloudy-night
2023-02-21T02:00:00,21,20,94.02,0,0,9.3,10,89.4,8,0,,Partially cloudy,partly-cloudy-night
2023-02-21T03:00:00,21,19,88.37,0,0,5.4,330,50.1,7,0,,Partially cloudy,partly-cloudy-night
2023-02-21T04:00:00,21.1,19.4,90.36,0,0,3.6,290,78.6,9.1,0,,Partially cloudy,partly-cloudy-night
2023-02-21T05:00:00,21,19,88.39,0,0,0,359,28.8,6,0,,Partially cloudy,partly-cloudy-night
2023-02-21T06:00:00,21,19,88.37,0,0,5.4,300,50.1,5,0,,Partially cloudy,partly-cloudy-night
2023-02-21T07:00:00,21.1,19.9,92.8,0,0,2.6,331,89.4,15.4,29,0.1,Partially cloudy,partly-cloudy-day
2023-02-21T08:00:00,22,20,88.47,0,0,5.4,320,89.4,5,109,0.4,Partially cloudy,partly-cloudy-day
2023-02-21T09:00:00,23,21,88.52,0,0,5.4,340,89.4,6,303,1.1,Partially cloudy,partly-cloudy-day
2023-02-21T10:00:00,23.1,19.9,82.17,0,0,6.8,331,96.6,3.2,468,1.7,Overcast,cloudy
2023-02-21T11:00:00,24,20,78.37,0,0,14.7,350,89.4,7,707,2.5,Partially cloudy,partly-cloudy-day
2023-02-21T12:00:00,26,20,69.6,0,0,11.1,70,89.4,8,727,2.6,Partially cloudy,partly-cloudy-day
2023-02-21T13:00:00,24.7,19.5,72.5,0.002,100,6.8,14,89.5,16.6,762,2.7,"Rain, Partially cloudy",rain
2023-02-21T14:00:00,24,19,73.68,0,0,11.1,40,89.4,8,626,2.3,Partially cloudy,partly-cloudy-day
2023-02-21T15:00:00,24,19,73.68,0,0,11.1,20,89.4,8,613,2.2,Partially cloudy,partly-cloudy-day
2023-02-21T16:00:00,24.4,19.3,73.1,0,0,8.3,70,78.6,17.1,464,1.7,Partially cloudy,partly-cloudy-day
2023-02-21T17:00:00,23,19,78.26,0,0,12.9,60,89.4,8,225,0.8,Partially cloudy,partly-cloudy-day
2023-02-21T18:00:00,23,18,73.52,0,0,9.3,60,89.4,8,31,0.1,Partially cloudy,partly-cloudy-night
2023-02-21T19:00:00,23.1,17.4,70.3,0.797,100,8.3,67,89.5,16.6,0,,"Rain, Partially cloudy",rain
2023-02-21T20:00:00,23,17,69.04,0,0,5.4,50,89.4,8,0,,Partially cloudy,partly-cloudy-night
2023-02-21T21:00:00,23,17,69.04,0,0,7.6,60,89.4,8,0,,Partially cloudy,partly-cloudy-night
2023-02-21T22:00:00,23.1,17.5,70.63,0,0,11.4,70,89.5,16.6,0,,Partially cloudy,partly-cloudy-night
2023-02-21T23:00:00,23,17,69.04,0,0,11.1,70,89.5,8,0,,Partially cloudy,partly-cloudy-night
2023-02-22T00:00:00,23,17,69.04,0,0,9.3,60,89.5,8,0,,Partially cloudy,partly-cloudy-night
2023-02-22T01:00:00,22.7,18,74.8,0,0,4.7,50,89.4,16.6,0,,Partially cloudy,partly-cloudy-night
2023-02-22T02:00:00,23,18,73.51,0,0,5.4,60,89.5,8,0,,Partially cloudy,partly-cloudy-night
2023-02-22T03:00:00,22,18,78.1,0,0,1.8,259,89.5,8,0,,Partially cloudy,partly-cloudy-night
2023-02-22T04:00:00,21.4,18.2,81.98,0,0,0,0,82.3,16.6,0,,Partially cloudy,partly-cloudy-night
2023-02-22T05:00:00,20.9,19,88.41,0,0,3.6,299,88,7,0,,Partially cloudy,partly-cloudy-night
2023-02-22T06:00:00,21,19,88.37,0,0,3.6,210,89.4,6,0,,Partially cloudy,partly-cloudy-night
2023-02-22T07:00:00,21.1,19.2,89.18,0.001,100,1.5,300,78.6,16.3,23,0.1,"Rain, Partially cloudy",rain
2023-02-22T08:00:00,22,20,88.44,0,0,1.8,300,89.4,6,142,0.5,Partially cloudy,partly-cloudy-day
2023-02-22T09:00:00,21,20,93.98,0,0,3.6,250,89.4,6,116,0.4,Partially cloudy,partly-cloudy-day
2023-02-22T10:00:00,21.4,19.5,88.78,0,0,1,340,96.6,4.3,142,0.5,Overcast,cloudy
2023-02-22T11:00:00,23,20,83.24,0,0,3.6,200,89.4,10,258,0.9,Partially cloudy,partly-cloudy-day
2023-02-22T12:00:00,23,19,78.24,0,0,5.4,330,89.4,10,303,1.1,Partially cloudy,partly-cloudy-day
2023-02-22T13:00:00,22.8,19.5,81.78,0.003,100,4.7,329,96.6,9.5,166,0.6,"Rain, Overcast",rain
2023-02-22T14:00:00,23,20,83.24,0,0,7.6,240,89.4,10,63,0.2,Partially cloudy,partly-cloudy-day
2023-02-22T15:00:00,23,21,88.52,0,0,3.6,240,89.4,10,67,0.2,Partially cloudy,partly-cloudy-day
2023-02-22T16:00:00,24.1,19.1,73.69,0,0,8.3,70,96.6,10,49,0.2,Overcast,cloudy
2023-02-22T17:00:00,24,19,73.69,0,0,9.3,60,89.4,10,23,0.1,Partially cloudy,partly-cloudy-day
2023-02-22T18:00:00,23,19,78.26,0,0,7.6,60,89.4,8,5,0,Partially cloudy,partly-cloudy-night
2023-02-22T19:00:00,23.1,18.7,76.56,1.693,100,7.8,70,89.5,9.4,0,,"Rain, Partially cloudy",rain
2023-02-22T20:00:00,23,19,78.26,0,0,7.5,90,89.4,8,0,,Partially cloudy,partly-cloudy-night
2023-02-22T21:00:00,23,19,78.27,0,0,5.4,110,89.4,8,0,,Partially cloudy,partly-cloudy-night
2023-02-22T22:00:00,22.4,19.2,82.1,0,0,0.5,240,89.5,9.4,0,,Partially cloudy,partly-cloudy-night
2023-02-22T23:00:00,23,19,78.26,0,0,0,0,89.4,8,0,,Partially cloudy,partly-cloudy-night
2023-02-23T00:00:00,23,19,78.26,0,0,3.6,68.5,89.4,7,0,,Partially cloudy,partly-cloudy-night
2023-02-23T01:00:00,22.7,19.5,82.12,0.004,100,3.6,70,89.5,9.1,0,,"Rain, Partially cloudy",rain
2023-02-23T02:00:00,23,19,78.26,0,0,3.6,70,89.4,7,0,,Partially cloudy,partly-cloudy-night
2023-02-23T03:00:00,22,19,83.14,0,0,5.4,20,89.4,7,0,,Partially cloudy,partly-cloudy-night
2023-02-23T04:00:00,22.1,20.3,89.65,0,0,3.6,320,89.5,9.1,0,,Partially cloudy,partly-cloudy-night
2023-02-23T05:00:00,21,19,88.37,0,0,1.8,60,89.4,7,0,,Partially cloudy,partly-cloudy-night
2023-02-23T06:00:00,21,19,88.37,0,0,3.6,300,89.4,7,0,,Partially cloudy,partly-cloudy-night
2023-02-23T07:00:00,21.7,19.7,88.05,0.022,100,0,0,78.6,16.6,20,0.1,"Rain, Partially cloudy",rain
2023-02-23T08:00:00,24,19,73.66,0,0,9.3,50,50.1,8,66,0.2,Partially cloudy,partly-cloudy-day
2023-02-23T09:00:00,25,19,69.4,0,0,12.9,70,50,10,136,0.5,Partially cloudy,partly-cloudy-day
2023-02-23T10:00:00,25.4,18.1,63.83,0,0,7.2,70,78.6,17.1,302,1.1,Partially cloudy,partly-cloudy-day
2023-02-23T11:00:00,26,19,65.38,0,0,13,100,89.3,10,553,2,Partially cloudy,partly-cloudy-day
2023-02-23T12:00:00,25,18,65.16,0,0,11.2,80,89.3,10,734,2.6,Partially cloudy,partly-cloudy-day
2023-02-23T13:00:00,24.8,18.6,68.4,0,0,5.3,93,89.4,17.1,766,2.8,Partially cloudy,partly-cloudy-day
2023-02-23T14:00:00,25,19,69.37,0,0,11.2,80,89.3,10,630,2.3,Partially cloudy,partly-cloudy-day
2023-02-23T15:00:00,25,19,69.37,0,0,13,70,89.3,10,709,2.6,Partially cloudy,partly-cloudy-day
2023-02-23T16:00:00,24.7,19,70.55,0,0,8.3,90,64.3,17.1,473,1.7,Partially cloudy,partly-cloudy-day
2023-02-23T17:00:00,24,19,73.64,0,0,11.2,80,28.6,10,268,1,Partially cloudy,partly-cloudy-day
2023-02-23T18:00:00,23,18,73.48,0,0,7.6,90,28.6,10,49,0.2,Partially cloudy,partly-cloudy-night
2023-02-23T19:00:00,23.1,19.1,78.26,0,0,1,120,64.3,16.6,0,,Partially cloudy,partly-cloudy-night
2023-02-23T20:00:00,22,19,83.11,0,0,0,1,28.6,8,0,,Partially cloudy,partly-cloudy-night
2023-02-23T21:00:00,21,19,88.36,0,0,0,1,28.6,8,0,,Partially cloudy,partly-cloudy-night
2023-02-23T22:00:00,20.4,18.9,90.73,0,0,0.5,230,64.3,16.3,0,,Partially cloudy,partly-cloudy-night
2023-02-23T23:00:00,20,19,93.98,0,0,0,358,28.6,7,0,,Partially cloudy,partly-cloudy-night
2023-02-24T00:00:00,19,18,93.93,0,0,1.8,230,28.6,6,0,,Partially cloudy,partly-cloudy-night
2023-02-24T01:00:00,19.4,18.1,92.3,0,0,0.5,220,64.3,16,0,,Partially cloudy,partly-cloudy-night
2023-02-24T02:00:00,18,17,93.89,0,0,3.6,220,28.6,7,0,,Partially cloudy,partly-cloudy-night
2023-02-24T03:00:00,18,17,93.89,0,0,1.8,200,28.6,6,0,,Partially cloudy,partly-cloudy-night
2023-02-24T04:00:00,18.4,17.2,93.07,0,0,0,254.8,64.3,16.3,0,,Partially cloudy,partly-cloudy-night
2023-02-24T05:00:00,18,17,93.89,0,0,0,2,28.6,6,0,,Partially cloudy,partly-cloudy-night
2023-02-24T06:00:00,17,17,100,0,0,1.8,240,28.6,5,0,,Partially cloudy,partly-cloudy-night
2023-02-24T07:00:00,18,17,93.9,0,0,0,235.4,71.4,9.1,49,0.2,Partially cloudy,partly-cloudy-day
2023-02-24T08:00:00,21,19,88.39,0,0,0,360,50,7,274,1,Partially cloudy,partly-cloudy-day
2023-02-24T09:00:00,24,18,69.21,0,0,1.8,250,28.6,10,518,1.9,Partially cloudy,partly-cloudy-day
2023-02-24T10:00:00,24,18.1,69.51,0,0,1,320,96.5,10,637,2.3,Overcast,cloudy
2023-02-24T11:00:00,24,18,69.19,0,0,7.6,20,50,10,429,1.5,Partially cloudy,partly-cloudy-day
2023-02-24T12:00:00,24,19,73.62,0,0,11.2,360,50,10,540,1.9,Partially cloudy,partly-cloudy-day
2023-02-24T13:00:00,25,18.4,66.63,0,0,5.3,6,89.4,17.1,917,3.3,Partially cloudy,partly-cloudy-day
2023-02-24T14:00:00,25,18,65.16,0,0,13,10,50,10,814,2.9,Partially cloudy,partly-cloudy-day
2023-02-24T15:00:00,24,19,73.64,0,0,5.4,30,50,10,557,2,Partially cloudy,partly-cloudy-day
2023-02-24T16:00:00,24.4,18.7,70.2,0,0,8.8,70,78.6,17.1,270,1,Partially cloudy,partly-cloudy-day
2023-02-24T17:00:00,24,19,73.64,0,0,11.2,70,28.6,10,110,0.4,Partially cloudy,partly-cloudy-day
2023-02-24T18:00:00,23,18,73.51,0,0,7.6,60,28.6,10,48,0.2,Partially cloudy,partly-cloudy-night
2023-02-24T19:00:00,23,17.7,71.88,0,0,3.6,90,71.4,17.1,0,,Partially cloudy,partly-cloudy-night
2023-02-24T20:00:00,22,18,78.1,0,0,1.8,200,28.6,10,0,,Partially cloudy,partly-cloudy-night
2023-02-24T21:00:00,22,19,83.14,0,0,0,360,50,10,0,,Partially cloudy,partly-cloudy-night
2023-02-24T22:00:00,22.1,19.2,83.89,0,0,0,8.2,78.6,17.1,0,,Partially cloudy,partly-cloudy-night
2023-02-24T23:00:00,22,19,83.14,0,0,3.6,290,50,8,0,,Partially cloudy,partly-cloudy-night
2023-02-25T00:00:00,22,19,83.14,0,0,3.6,300,89.3,10,0,,Partially cloudy,partly-cloudy-night
2023-02-25T01:00:00,21.7,18.6,82.37,0,0,0,284.3,78.6,17.1,0,,Partially cloudy,partly-cloudy-night
2023-02-25T02:00:00,21,18,83.02,0,0,1.8,340,89.3,10,0,,Partially cloudy,partly-cloudy-night
2023-02-25T03:00:00,21,18,83.02,0,0,0,359,50.1,10,0,,Partially cloudy,partly-cloudy-night
2023-02-25T04:00:00,21.4,18.4,83.07,0,0,0.5,320,96.5,16.5,0,,Overcast,cloudy
2023-02-25T05:00:00,21,19,88.37,0,0,1.8,320,89.4,6,0,,Partially cloudy,partly-cloudy-night
2023-02-25T06:00:00,20,19,93.98,0,0,1.8,320,89.4,6,0,,Partially cloudy,partly-cloudy-night
2023-02-25T07:00:00,21.4,19.2,87.62,0.008,100,1.6,281,89.5,16,20,0.1,"Rain, Partially cloudy",rain
2023-02-25T08:00:00,23,18,73.53,0,0,11.2,60,89.4,6,245,0.9,Partially cloudy,partly-cloudy-day
2023-02-25T09:00:00,23,18,73.51,0,0,11.1,60,89.4,6,294,1.1,Partially cloudy,partly-cloudy-day
2023-02-25T10:00:00,22.1,18.7,81.32,0,0,6.7,30,96.6,8.3,594,2.1,Overcast,cloudy
2023-02-25T11:00:00,21,19,88.37,0,0,7.6,350,89.4,3,715,2.6,Partially cloudy,partly-cloudy-day
2023-02-25T12:00:00,23,19,78.26,0,0,9.4,20,89.4,5,706,2.5,Partially cloudy,partly-cloudy-day
2023-02-25T13:00:00,21.4,19.4,88.4,0.03,100,0,340,96.6,4,760,2.7,"Rain, Overcast",rain
2023-02-25T14:00:00,22,19,83.14,0,0,16.5,360,89.4,5,615,2.2,Partially cloudy,partly-cloudy-day
2023-02-25T15:00:00,22,19,83.13,0,0,18.4,350,89.4,5,713,2.6,Partially cloudy,partly-cloudy-day
2023-02-25T16:00:00,21.7,18.9,83.85,0,0,10.4,360,89.5,8.9,479,1.7,Partially cloudy,partly-cloudy-day
2023-02-25T17:00:00,22,19,83.13,0,0,20.5,350,89.4,6,160,0.6,Partially cloudy,partly-cloudy-day
2023-02-25T18:00:00,22,19,83.13,0,0,12.9,20,89.4,6,23,0.1,Partially cloudy,partly-cloudy-night
2023-02-25T19:00:00,22.4,18,76.44,11.667,100,6.8,41,96.6,9.1,0,,"Rain, Overcast",rain
2023-02-25T20:00:00,23,18,73.51,0,0,14.8,20,89.4,7,0,,Partially cloudy,partly-cloudy-night
2023-02-25T21:00:00,23,18,73.52,0,0,14.7,20,89.4,7,0,,Partially cloudy,partly-cloudy-night
2023-02-25T22:00:00,22.7,18.2,75.81,0,0,5.2,47,96.6,9.1,0,,Overcast,cloudy
2023-02-25T23:00:00,23,18,73.51,0,0,11.2,30,89.4,7,0,,Partially cloudy,partly-cloudy-night
2023-02-26T00:00:00,23,18,73.49,0,0,16.5,30,89.4,7,0,,Partially cloudy,partly-cloudy-night
2023-02-26T01:00:00,22.4,18,76.44,0.021,100,10.4,23,89.5,9.1,0,,"Rain, Partially cloudy",rain
2023-02-26T02:00:00,22,18,78.11,0,0,16.5,30,89.4,7,0,,Partially cloudy,partly-cloudy-night
2023-02-26T03:00:00,22,18,78.11,0,0,16.5,30,89.4,7,0,,Partially cloudy,partly-cloudy-night
2023-02-26T04:00:00,22.1,17.7,76.4,0,0,10.4,26,89.5,9.1,0,,Partially cloudy,partly-cloudy-night
2023-02-26T05:00:00,22,17,73.33,0,0,18.3,40,89.4,7,0,,Partially cloudy,partly-cloudy-night
2023-02-26T06:00:00,22,17,73.32,0,0,18.4,40,89.4,8,0,,Partially cloudy,partly-cloudy-night
2023-02-26T07:00:00,22.1,17.1,73.34,0.038,100,14.5,47,96.6,9.5,20,0.1,"Rain, Overcast",rain
2023-02-26T08:00:00,22,16,68.8,0,0,22.3,30,89.4,8,85,0.3,Partially cloudy,partly-cloudy-day
2023-02-26T09:00:00,23,17,69,0,0,20.5,30,89.4,8,163,0.6,Partially cloudy,partly-cloudy-day
2023-02-26T10:00:00,22.7,17.1,70.51,0,0,13.6,47,96.6,8.9,211,0.8,Overcast,cloudy
2023-02-26T11:00:00,24,18,69.18,0,0,18.4,20,89.4,8,440,1.6,Partially cloudy,partly-cloudy-day
2023-02-26T12:00:00,23,17,68.99,0,0,22.3,30,89.4,8,764,2.8,Partially cloudy,partly-cloudy-day
2023-02-26T13:00:00,24,17.4,66.43,0,0,14.1,20,89.4,9.5,639,2.3,Partially cloudy,partly-cloudy-day
2023-02-26T14:00:00,22,17,73.28,0,0,16.6,30,50.1,8,393,1.4,Partially cloudy,partly-cloudy-day
2023-02-26T15:00:00,22,17,73.28,0,0,16.6,40,50.1,8,382,1.4,Partially cloudy,partly-cloudy-day
2023-02-26T16:00:00,22.5,16.9,70.75,0,0,11.5,23,78.6,9.5,297,1.1,Partially cloudy,partly-cloudy-day
2023-02-26T17:00:00,22,17,73.29,0,0,13,30,50.1,8,188,0.7,Partially cloudy,partly-cloudy-day
2023-02-26T18:00:00,22,17,73.29,0,0,16.5,50,89.4,8,34,0.1,Partially cloudy,partly-cloudy-night
2023-02-26T19:00:00,22.1,16.7,71.7,0.896,100,8.9,61,89.4,9.5,0,,"Rain, Partially cloudy",rain
2023-02-26T20:00:00,22,17,73.33,0,0,11.1,40,89.5,8,0,,Partially cloudy,partly-cloudy-night
2023-02-26T21:00:00,22,17,73.33,0,0,12.9,50,89.5,8,0,,Partially cloudy,partly-cloudy-night
2023-02-26T22:00:00,22.1,16.4,70.11,0,0,8.3,50,89.4,9.4,0,,Partially cloudy,partly-cloudy-night
2023-02-26T23:00:00,22,16,68.83,0,0,7.6,40,50.2,8,0,,Partially cloudy,partly-cloudy-night
2023-02-27T00:00:00,21,17,77.96,0,0,7.6,20,50.2,8,0,,Partially cloudy,partly-cloudy-night
2023-02-27T01:00:00,21.7,17.2,75.65,0.002,100,3.6,20,89.4,9.4,0,,"Rain, Partially cloudy",rain
2023-02-27T02:00:00,22,17,73.35,0,0,7.6,40,89.5,8,0,,Partially cloudy,partly-cloudy-night
2023-02-27T03:00:00,22,18,78.11,0,0,9.4,30,89.5,7,0,,Partially cloudy,partly-cloudy-night
2023-02-27T04:00:00,22,17.2,74.35,0,0,4.1,70,96.6,9.1,0,,Overcast,cloudy
2023-02-27T05:00:00,21,18,83.02,0,0,5.4,10,89.4,7,0,,Partially cloudy,partly-cloudy-night
2023-02-27T06:00:00,22,17,73.35,0,0,7.6,30,89.5,7,0,,Partially cloudy,partly-cloudy-night
2023-02-27T07:00:00,21.4,18.2,82.34,0.019,100,3.6,69,96.6,8.3,7,0,"Rain, Overcast",rain
2023-02-27T08:00:00,22,18,78.11,0,0,7.6,40,89.5,6,43,0.2,Partially cloudy,partly-cloudy-day
2023-02-27T09:00:00,21,18,83.02,0,0,11.2,10,89.4,6,58,0.2,Partially cloudy,partly-cloudy-day
2023-02-27T10:00:00,20.4,18.2,87.54,0,0,7.3,343,96.6,8.3,94,0.3,Overcast,cloudy
2023-02-27T11:00:00,20,18,88.29,0,0,13,340,89.4,4,128,0.5,Partially cloudy,partly-cloudy-day
2023-02-27T12:00:00,20,18,88.3,0,0,11.2,340,89.4,4,142,0.5,Partially cloudy,partly-cloudy-day
2023-02-27T13:00:00,20.1,18.7,91.92,0.004,100,5.3,337,96.6,8.6,74,0.3,"Rain, Overcast",rain
2023-02-27T14:00:00,17.1,16.1,93.84,0,0,9.4,300,90,3,80,0.3,Partially cloudy,partly-cloudy-day
2023-02-27T15:00:00,20,18,88.27,0,0,13,360,89.4,7,79,0.3,Partially cloudy,partly-cloudy-day
2023-02-27T16:00:00,20.7,17.9,83.74,0,0,6.3,340,96.6,9.4,56,0.2,Overcast,cloudy
2023-02-27T17:00:00,21,18,83.04,0,0,3.6,290,89.4,8,30,0.1,Partially cloudy,partly-cloudy-day
2023-02-27T18:00:00,20,18,88.3,0,0,9.4,350,89.4,6,6,0,Partially cloudy,partly-cloudy-night
2023-02-27T19:00:00,20,18.1,88.7,4.581,100,3.6,290,96.6,9.4,0,,"Rain, Overcast",rain
2023-02-27T20:00:00,20,18,88.3,0,0,1.8,310,89.4,8,0,,Partially cloudy,partly-cloudy-night
2023-02-27T21:00:00,19,18,93.95,0,0,0,359,89.4,6,0,,Partially cloudy,partly-cloudy-night
2023-02-27T22:00:00,19.4,18,91.88,0,0,1.5,327.8,96.6,8.3,0,,Overcast,cloudy
2023-02-27T23:00:00,19,18,93.93,0,0,3.6,260,89.4,6,0,,Partially cloudy,partly-cloudy-night
2023-02-28T00:00:00,19,18,93.93,0,0,1.8,360,89.4,4,0,,Partially cloudy,partly-cloudy-night
2023-02-28T01:00:00,18.7,17.9,94.77,0.008,100,3.6,320,96.6,8,0,,"Rain, Overcast",rain
2023-02-28T02:00:00,19,18,93.93,0,0,1.8,350,89.4,7,0,,Partially cloudy,partly-cloudy-night
2023-02-28T03:00:00,19,18,93.93,0,0,1.8,340,89.4,7,0,,Partially cloudy,partly-cloudy-night
2023-02-28T04:00:00,19.1,17.9,92.69,0,0,0,320,89.5,9.1,0,,Partially cloudy,partly-cloudy-night
2023-02-28T05:00:00,19,18,93.93,0,0,1.8,260,89.4,7,0,,Partially cloudy,partly-cloudy-night
2023-02-28T06:00:00,19,18,93.93,0,0,1.8,230,89.4,6,0,,Partially cloudy,partly-cloudy-night
2023-02-28T07:00:00,19.1,18,93.53,0,0,0,0,96.6,9.1,5,0,Overcast,cloudy
2023-02-28T08:00:00,20,19,93.99,0,0,0,358,89.4,5,27,0.1,Partially cloudy,partly-cloudy-day
2023-02-28T09:00:00,20,19,93.98,0,0,0,359,89.4,4,66,0.2,Partially cloudy,partly-cloudy-day
2023-02-28T10:00:00,20.4,19.4,94.01,0,0,3.6,270,100,8.3,101,0.4,Overcast,cloudy
2023-02-28T11:00:00,21,20,94.02,0,0,5.4,310,89.4,6,93,0.3,Partially cloudy,partly-cloudy-day
2023-02-28T12:00:00,22,19,83.16,0,0,5.4,340,89.4,8,92,0.3,Partially cloudy,partly-cloudy-day
2023-02-28T13:00:00,22.4,19.1,81.72,0.021,100,4.7,343,96.6,9.4,100,0.4,"Rain, Overcast",rain
2023-02-28T14:00:00,22,19,83.16,0,0,9.4,340,89.4,7,95,0.3,Partially cloudy,partly-cloudy-day
2023-02-28T15:00:00,22,19,83.13,0,0,5.4,340,89.4,8,83,0.3,Partially cloudy,partly-cloudy-day
2023-02-28T16:00:00,22.4,19.2,82.45,0,0,4.7,320,96.6,9.5,63,0.2,Overcast,cloudy
2023-02-28T17:00:00,22,19,83.14,0,0,5.4,320,89.4,8,40,0.1,Partially cloudy,partly-cloudy-day
2023-02-28T18:00:00,22,19,83.14,0,0,3.6,310,89.4,8,12,0,Partially cloudy,partly-cloudy-night
2023-02-28T19:00:00,21.4,19.1,86.48,2.589,100,0,290,96.6,9.4,0,,"Rain, Overcast",rain
2023-02-28T20:00:00,21,19,88.37,0,0,0,359,89.4,10,0,,Partially cloudy,partly-cloudy-night
2023-02-28T21:00:00,21,19,88.39,0,0,3.6,350,89.4,10,0,,Partially cloudy,partly-cloudy-night
2023-02-28T22:00:00,21.1,18.9,87.22,0,0,1,320,89.4,10,0,,Partially cloudy,partly-cloudy-night
2023-02-28T23:00:00,21,19,88.39,0,0,3.6,310,89.4,10,0,,Partially cloudy,partly-cloudy-night
2023-03-01T00:00:00,20,19,93.99,0,0,1.8,280,89.4,8,0,,Partially cloudy,partly-cloudy-night
2023-03-01T01:00:00,20.4,19.1,92.35,0,0,0,272.9,89.5,8.9,0,,Partially cloudy,partly-cloudy-night
2023-03-01T02:00:00,19,18,93.95,0,0,0,359,50.1,5,0,,Partially cloudy,partly-cloudy-night
2023-03-01T03:00:00,19,18,93.95,0,0,1.8,320,50.1,5,0,,Partially cloudy,partly-cloudy-night
2023-03-01T04:00:00,19.4,18.9,96.51,0,0,0,0,78.6,8.6,0,,Partially cloudy,partly-cloudy-night
2023-03-01T05:00:00,19,18,93.95,0,0,0,0,50.1,5,0,,Partially cloudy,partly-cloudy-night
2023-03-01T06:00:00,19,18,93.95,0,0,1.8,340,89.4,5,0,,Partially cloudy,partly-cloudy-night
2023-03-01T07:00:00,19.7,18.7,93.97,0,0,1,360,78.6,8.8,12,0,Partially cloudy,partly-cloudy-day
2023-03-01T08:00:00,22,19,83.13,0,0,1.8,330,89.4,7,52,0.2,Partially cloudy,partly-cloudy-day
2023-03-01T09:00:00,24,19,73.66,0,0,7.5,350,89.4,10,115,0.4,Partially cloudy,partly-cloudy-day
2023-03-01T10:00:00,24,19.7,76.69,0,0,8.3,346,89.4,10,216,0.8,Partially cloudy,partly-cloudy-day
2023-03-01T11:00:00,25,20,73.83,0,0,12.9,360,89.4,10,304,1.1,Partially cloudy,partly-cloudy-day
2023-03-01T12:00:00,26,19,65.38,0,0,12.9,350,50.1,10,377,1.4,Partially cloudy,partly-cloudy-day
2023-03-01T13:00:00,25,19.5,71.57,0,0,9.9,17,89.4,17.1,388,1.4,Partially cloudy,partly-cloudy-day
2023-03-01T14:00:00,25,20,73.79,0,0,9.4,70,50.1,10,741,2.7,Partially cloudy,partly-cloudy-day
2023-03-01T15:00:00,24,20,78.34,0,0,18.3,360,50,10,624,2.2,Partially cloudy,partly-cloudy-day
2023-03-01T16:00:00,24.4,19.4,73.71,0,0,7.3,73,78.6,17.1,440,1.6,Partially cloudy,partly-cloudy-day
2023-03-01T17:00:00,24,19,73.66,0,0,9.4,80,50,10,242,0.9,Partially cloudy,partly-cloudy-day
2023-03-01T18:00:00,23,19,78.24,0,0,7.6,70,50,10,46,0.2,Partially cloudy,partly-cloudy-night
2023-03-01T19:00:00,22.7,19.1,79.95,0,0,0.5,56.4,71.4,17.1,0,,Partially cloudy,partly-cloudy-night
2023-03-01T20:00:00,23,19,78.24,0,0,0,0,50,10,0,,Partially cloudy,partly-cloudy-night
2023-03-01T21:00:00,23,19,78.24,0,0,1.8,60,89.3,10,0,,Partially cloudy,partly-cloudy-night
2023-03-01T22:00:00,22.7,19.7,83.22,0,0,1,320,89.4,17.1,0,,Partially cloudy,partly-cloudy-night
2023-03-01T23:00:00,22,20,88.45,0,0,1.8,330,89.3,10,0,,Partially cloudy,partly-cloudy-night
2023-03-02T00:00:00,22,19,83.14,0,0,3.6,320,89.3,8,0,,Partially cloudy,partly-cloudy-night
2023-03-02T01:00:00,22.1,19.7,86.54,0,0,4.1,320,89.4,16.6,0,,Partially cloudy,partly-cloudy-night
2023-03-02T02:00:00,21,19,88.37,0,0,5.4,310,89.3,8,0,,Partially cloudy,partly-cloudy-night
2023-03-02T03:00:00,21,19,88.39,0,0,5.4,340,89.3,8,0,,Partially cloudy,partly-cloudy-night
2023-03-02T04:00:00,21.1,18.6,85.68,0,0,0.5,345.9,89.4,16.6,0,,Partially cloudy,partly-cloudy-night
2023-03-02T05:00:00,21,18,83.02,0,0,3.6,320,89.4,8,0,,Partially cloudy,partly-cloudy-night
2023-03-02T06:00:00,21,18,83.02,0,0,3.6,340,89.4,7,0,,Partially cloudy,partly-cloudy-night
2023-03-02T07:00:00,21.1,18.5,84.91,0,0,3.6,317,89.4,16.6,33,0.1,Partially cloudy,partly-cloudy-day
2023-03-02T08:00:00,23,18,73.52,0,0,5.4,330,50.1,10,133,0.5,Partially cloudy,partly-cloudy-day
2023-03-02T09:00:00,25,19,69.4,0,0,9.4,360,50.1,10,179,0.6,Partially cloudy,partly-cloudy-day
2023-03-02T10:00:00,23.8,19.1,74.98,0,0,7.3,20,89.5,17.1,252,0.9,Partially cloudy,partly-cloudy-day
2023-03-02T11:00:00,24,17,64.97,0,0,11.1,39,89.4,10,470,1.7,Partially cloudy,partly-cloudy-day
2023-03-02T12:00:00,23,18,73.45,0,0,9.4,60,89.4,8,879,3.2,Partially cloudy,partly-cloudy-day
2023-03-02T13:00:00,22.4,18.5,78.46,0.003,100,0.5,290,89.4,9.5,924,3.3,"Rain, Partially cloudy",rain
2023-03-02T14:00:00,24,18,69.18,0,0,7.6,330,89.4,10,746,2.7,Partially cloudy,partly-cloudy-day
2023-03-02T15:00:00,25,18,65.17,0,0,9.4,10,50.1,10,567,2,Partially cloudy,partly-cloudy-day
2023-03-02T16:00:00,24.7,16.4,59.78,0,0,7.8,56,71.4,10,365,1.3,Partially cloudy,partly-cloudy-day
2023-03-02T17:00:00,24,17,64.95,0,0,11.2,80,28.6,10,190,0.7,Partially cloudy,partly-cloudy-day
2023-03-02T18:00:00,23,17,69.01,0,0,3.6,50,28.6,10,39,0.1,Partially cloudy,partly-cloudy-night
2023-03-02T19:00:00,22.4,17.1,72.09,0.1,100,1,40,64.3,10,0,,"Rain, Partially cloudy",rain
2023-03-02T20:00:00,21,17,77.95,0,0,0,1,28.6,10,0,,Partially cloudy,partly-cloudy-night
2023-03-02T21:00:00,21,18,83.01,0,0,1.8,220,28.6,8,0,,Partially cloudy,partly-cloudy-night
2023-03-02T22:00:00,19.7,17.6,87.48,0,0,0.5,220,64.3,8.9,0,,Partially cloudy,partly-cloudy-night
2023-03-02T23:00:00,19,17,88.2,0,0,0,358,28.6,6,0,,Partially cloudy,partly-cloudy-night
2023-03-03T00:00:00,20,17,82.91,0,0,3.6,210,49.9,6,0,,Partially cloudy,partly-cloudy-night
2023-03-03T01:00:00,20.1,18,87.91,0,0,0.5,274.9,71.4,8.9,0,,Partially cloudy,partly-cloudy-night
2023-03-03T02:00:00,19,17,88.2,0,0,1.8,250,28.6,5,0,,Partially cloudy,partly-cloudy-night
2023-03-03T03:00:00,18,17,93.89,0,0,5.4,240,28.8,5,0,,Partially cloudy,partly-cloudy-night
2023-03-03T04:00:00,18.1,16.9,92.64,0,0,0.5,268.1,71.4,8.6,0,,Partially cloudy,partly-cloudy-night
2023-03-03T05:00:00,18,17,93.88,0,0,3.6,180,50,5,0,,Partially cloudy,partly-cloudy-night
2023-03-03T06:00:00,18,17,93.88,0,0,5.4,170,50,4,0,,Partially cloudy,partly-cloudy-night
2023-03-03T07:00:00,19,18,93.93,0,0,9.4,262.1,50,5,32,0.1,Partially cloudy,partly-cloudy-day
2023-03-03T08:00:00,22,19,83.1,0,0,1.8,265.6,50,6,84,0.3,Partially cloudy,partly-cloudy-day
2023-03-03T09:00:00,24,19,73.62,0,0,5.4,320,25,10,201,0.7,Partially cloudy,partly-cloudy-day
2023-03-03T10:00:00,24,19,73.62,0,0,6.1,45.4,50,10,708,2.5,Partially cloudy,partly-cloudy-day
2023-03-03T11:00:00,25,19,69.35,0,0,9.4,10,50,10,896,3.2,Partially cloudy,partly-cloudy-day
2023-03-03T12:00:00,26,19,65.35,0,0,11.2,60,25,10,974,3.5,Partially cloudy,partly-cloudy-day
2023-03-03T13:00:00,26,19,65.35,0,0,14.8,100,25,10,974,3.5,Partially cloudy,partly-cloudy-day
2023-03-03T14:00:00,26,18,61.41,0,0,16.6,90,28.6,10,893,3.2,Partially cloudy,partly-cloudy-day
2023-03-03T15:00:00,26,19,65.37,0,0,16.6,70,28.6,10,743,2.7,Partially cloudy,partly-cloudy-day
2023-03-03T16:00:00,25.7,18.9,65.92,0,0,11.9,67,71.4,17.1,532,1.9,Partially cloudy,partly-cloudy-day
2023-03-03T17:00:00,24,19,73.65,0,0,11.2,60,28.6,10,287,1,Partially cloudy,partly-cloudy-day
2023-03-03T18:00:00,24,19,73.66,0,0,9.4,80,28.6,10,55,0.2,Partially cloudy,partly-cloudy-night
2023-03-03T19:00:00,23.7,19,74.94,0.199,100,4.7,64,78.6,17.1,0,,"Rain, Partially cloudy",rain
2023-03-03T20:00:00,23,19,78.24,0,0,5.4,60,50.1,8,0,,Partially cloudy,partly-cloudy-night
2023-03-03T21:00:00,23,20,83.24,0,0,3.6,310,50.1,7,0,,Partially cloudy,partly-cloudy-night
2023-03-03T22:00:00,22,20,88.45,0,0,0,1,28.8,8,0,,Partially cloudy,partly-cloudy-night
2023-03-03T23:00:00,22,20,88.44,0,0,1.8,130,28.8,6,0,,Partially cloudy,partly-cloudy-night
2023-03-04T00:00:00,22,20,88.45,0,0,5.4,310,50.1,5,0,,Partially cloudy,partly-cloudy-night
2023-03-04T01:00:00,21.4,19.6,89.2,0,0,0,24.1,78.6,15.7,0,,Partially cloudy,partly-cloudy-night
2023-03-04T02:00:00,21,19,88.39,0,0,3.6,350,28.8,5,0,,Partially cloudy,partly-cloudy-night
2023-03-04T03:00:00,20,19,93.97,0.7,100,1.8,310,25,5,0,,"Rain, Partially cloudy",rain
2023-03-04T04:00:00,20.4,18.6,89.52,0,0,1,310,71.4,15.7,0,,Partially cloudy,partly-cloudy-night
2023-03-04T05:00:00,20,19,93.98,0,0,1.8,170,28.8,5,0,,Partially cloudy,partly-cloudy-night
2023-03-04T06:00:00,21,19,88.37,0,0,0,358,28.8,5,0,,Partially cloudy,partly-cloudy-night
2023-03-04T07:00:00,21.1,19.2,89.17,0,0,0,2,71.4,16,52,0.2,Partially cloudy,partly-cloudy-day
2023-03-04T08:00:00,24,19,73.69,0,0,11.1,60,28.8,10,291,1,Partially cloudy,partly-cloudy-day
2023-03-04T09:00:00,25,19,69.41,0,0,14.7,70,28.6,10,496,1.8,Partially cloudy,partly-cloudy-day
2023-03-04T10:00:00,26.1,18.9,64.52,0,0,9.9,67,71.4,17.1,745,2.7,Partially cloudy,partly-cloudy-day
2023-03-04T11:00:00,26,19,65.36,0,0,16.6,70,28.6,10,893,3.2,Partially cloudy,partly-cloudy-day
2023-03-04T12:00:00,26,19,65.35,0,0,18.4,60,28.6,10,969,3.5,Partially cloudy,partly-cloudy-day
2023-03-04T13:00:00,27.2,18.1,57.67,0,0,15,73,71.4,17.1,967,3.5,Partially cloudy,partly-cloudy-day
2023-03-04T14:00:00,25,18,65.14,0,0,16.6,70,28.6,10,879,3.2,Partially cloudy,partly-cloudy-day
2023-03-04T15:00:00,26,18,61.4,0,0,14.8,100,28.6,10,733,2.6,Partially cloudy,partly-cloudy-day
2023-03-04T16:00:00,25.4,17.9,63.23,0,0,6.8,90,64.3,17.1,525,1.9,Partially cloudy,partly-cloudy-day
2023-03-04T17:00:00,24,18,69.18,0,0,14.8,60,28.6,10,286,1,Partially cloudy,partly-cloudy-day
2023-03-04T18:00:00,23,18,73.48,0,0,9.4,50,28.6,10,55,0.2,Partially cloudy,partly-cloudy-night
2023-03-04T19:00:00,23.4,18.1,72.26,0,0,7.8,70,71.4,17.1,0,,Partially cloudy,partly-cloudy-night
2023-03-04T20:00:00,23,18,73.49,0,0,9.4,70,28.6,10,0,,Partially cloudy,partly-cloudy-night
2023-03-04T21:00:00,23,17,69.03,0,0,5.4,80,50,10,0,,Partially cloudy,partly-cloudy-night
2023-03-04T22:00:00,22.7,18.2,75.8,0,0,1.5,60,64.3,17.1,0,,Partially cloudy,partly-cloudy-night
2023-03-04T23:00:00,23,18,73.51,0,0,3.6,110,28.6,10,0,,Partially cloudy,partly-cloudy-night
2023-03-05T00:00:00,21,18,83.01,0,0,1.8,270,28.6,8,0,,Partially cloudy,partly-cloudy-night
2023-03-05T01:00:00,21.1,18.4,84.91,0,0,0,58.1,64.3,16,0,,Partially cloudy,partly-cloudy-night
2023-03-05T02:00:00,21,18,83.02,0,0,3.6,320,28.6,6,0,,Partially cloudy,partly-cloudy-night
2023-03-05T03:00:00,21,18,83.02,0,0,5.4,310,49.9,6,0,,Partially cloudy,partly-cloudy-night
2023-03-05T04:00:00,21.1,18.2,83.78,0,0,3.6,320,96.5,8.9,0,,Overcast,cloudy
2023-03-05T05:00:00,20,19,93.98,0,0,3.6,340,89.4,5,0,,Partially cloudy,partly-cloudy-night
2023-03-05T06:00:00,20,19,93.98,0,0,3.6,330,50.1,5,0,,Partially cloudy,partly-cloudy-night
2023-03-05T07:00:00,20.7,19,89.94,0,0,3.6,323,78.6,15.7,56,0.2,Partially cloudy,partly-cloudy-day
2023-03-05T08:00:00,23,19,78.26,0,0,5.4,310,50.1,6,226,0.8,Partially cloudy,partly-cloudy-day
2023-03-05T09:00:00,25,17,61.21,0,0,12.9,60,28.6,8,390,1.4,Partially cloudy,partly-cloudy-day
2023-03-05T10:00:00,24.8,18,66.03,0,0,9.4,67,78.6,17.1,723,2.6,Partially cloudy,partly-cloudy-day
2023-03-05T11:00:00,26,18,61.42,0,0,18.4,80,50,10,687,2.5,Partially cloudy,partly-cloudy-day
2023-03-05T12:00:00,26,18,61.42,0,0,16.6,80,50,10,892,3.2,Partially cloudy,partly-cloudy-day
2023-03-05T13:00:00,26.1,18.2,61.99,0,0,11.9,90,71.4,16.6,956,3.4,Partially cloudy,partly-cloudy-day
2023-03-05T14:00:00,25,18,65.16,0,0,14.8,60,28.6,8,890,3.2,Partially cloudy,partly-cloudy-day
2023-03-05T15:00:00,25,18,65.16,0,0,14.8,80,28.6,8,739,2.7,Partially cloudy,partly-cloudy-day
2023-03-05T16:00:00,25.1,17.7,63.75,0,0,12.4,70,71.4,16.6,530,1.9,Partially cloudy,partly-cloudy-day
2023-03-05T17:00:00,24,18,69.19,0,0,14.8,60,28.8,7,287,1,Partially cloudy,partly-cloudy-day
2023-03-05T18:00:00,23,18,73.48,0,0,11.2,70,28.8,7,55,0.2,Partially cloudy,partly-cloudy-night
2023-03-05T19:00:00,23.2,18.1,72.87,0.1,100,3.6,70,64.3,16.3,0,,"Rain, Partially cloudy",rain
2023-03-05T20:00:00,23,18,73.49,0,0,5.4,70,28.8,7,0,,Partially cloudy,partly-cloudy-night
2023-03-05T21:00:00,23,18,73.51,0,0,1.8,110,28.8,7,0,,Partially cloudy,partly-cloudy-night
2023-03-05T22:00:00,22.4,18.9,80.29,0,0,0.5,249,78.6,15.7,0,,Partially cloudy,partly-cloudy-night
2023-03-05T23:00:00,22,19,83.13,0,0,1.8,230,50.1,5,0,,Partially cloudy,partly-cloudy-night
2023-03-06T00:00:00,21,18,83.02,0,0,0,2,50.1,4,0,,Partially cloudy,partly-cloudy-night
2023-03-06T01:00:00,21.2,18.5,84.18,0,0,3.6,340,78.6,15.4,0,,Partially cloudy,partly-cloudy-night
2023-03-06T02:00:00,21,18,83.02,0,0,0,359,50.1,4,0,,Partially cloudy,partly-cloudy-night
2023-03-06T03:00:00,20,18,88.29,0,0,1.8,280,50.1,4,0,,Partially cloudy,partly-cloudy-night
2023-03-06T04:00:00,20.2,18.1,87.53,0,0,0,359,71.4,15.4,0,,Partially cloudy,partly-cloudy-night
2023-03-06T05:00:00,20,18,88.29,0,0,1.8,210,50.1,4,0,,Partially cloudy,partly-cloudy-night
2023-03-06T06:00:00,19,18,93.93,0,0,0,359,28.8,4,0,,Partially cloudy,partly-cloudy-night
2023-03-06T07:00:00,20,18.2,89.49,0,0,0.5,240,78.6,15.4,55,0.2,Partially cloudy,partly-cloudy-day
2023-03-06T08:00:00,23,19,78.26,0,0,1.8,220,50.1,5,298,1.1,Partially cloudy,partly-cloudy-day
2023-03-06T09:00:00,24,18,69.19,0,0,12.9,90,50.1,8,543,2,Partially cloudy,partly-cloudy-day
2023-03-06T10:00:00,25.7,17.4,60.01,0,0,11.9,87,71.4,16.6,745,2.7,Partially cloudy,partly-cloudy-day
2023-03-06T11:00:00,26,18,61.42,0,0,14.8,90,28.8,10,898,3.2,Partially cloudy,partly-cloudy-day
2023-03-06T12:00:00,26,18,61.39,0,0,13,90,28.6,10,976,3.5,Partially cloudy,partly-cloudy-day
2023-03-06T13:00:00,26,17.3,58.7,0,0,11.9,81,71.4,17.1,985,3.5,Partially cloudy,partly-cloudy-day
2023-03-06T14:00:00,26,17,57.66,0,0,16.6,60,28.6,10,907,3.3,Partially cloudy,partly-cloudy-day
2023-03-06T15:00:00,26,18,61.4,0,0,16.6,80,28.6,10,756,2.7,Partially cloudy,partly-cloudy-day
2023-03-06T16:00:00,25.1,17.4,62.31,0,0,9.4,80,64.3,17.1,545,2,Partially cloudy,partly-cloudy-day
2023-03-06T17:00:00,24,17,64.95,0,0,13,70,28.6,10,297,1.1,Partially cloudy,partly-cloudy-day
2023-03-06T18:00:00,23,18,73.47,0,0,9.4,90,28.6,10,59,0.2,Partially cloudy,partly-cloudy-night
2023-03-06T19:00:00,23.2,18.4,74.18,0,0,3.6,140,64.3,17.1,0,,Partially cloudy,partly-cloudy-night
2023-03-06T20:00:00,23,18,73.48,0,0,5.4,100,50,10,0,,Partially cloudy,partly-cloudy-night
2023-03-06T21:00:00,22,19,83.11,0,0,5.4,230,50,10,0,,Partially cloudy,partly-cloudy-night
2023-03-06T22:00:00,22.2,18.1,77.45,0,0,1,230,71.4,16.6,0,,Partially cloudy,partly-cloudy-night
2023-03-06T23:00:00,21,18,83.01,0,0,3.6,180,28.6,8,0,,Partially cloudy,partly-cloudy-night
2023-03-07T00:00:00,21,18,83.01,0,0,5.4,240,28.6,7,0,,Partially cloudy,partly-cloudy-night
2023-03-07T01:00:00,20.7,18.4,86.79,0,0,0,239,78.6,16.3,0,,Partially cloudy,partly-cloudy-night
2023-03-07T02:00:00,21,18,83.01,0,0,0,358,50,7,0,,Partially cloudy,partly-cloudy-night
2023-03-07T03:00:00,21,19,88.37,0,0,1.8,210,50,7,0,,Partially cloudy,partly-cloudy-night
2023-03-07T04:00:00,20.7,18.1,84.89,0,0,3.6,200,78.6,16.3,0,,Partially cloudy,partly-cloudy-night
2023-03-07T05:00:00,19,17,88.2,0,0,5.4,200,50,7,0,,Partially cloudy,partly-cloudy-night
2023-03-07T06:00:00,19,17,88.19,0,0,3.6,220,50,7,0,,Partially cloudy,partly-cloudy-night
2023-03-07T07:00:00,20,18.5,91.11,0,0,0,216.9,78.6,9.2,19,0.1,Partially cloudy,partly-cloudy-day
2023-03-07T08:00:00,21,19,88.36,0,0,3.6,220,50,8,105,0.4,Partially cloudy,partly-cloudy-day
2023-03-07T09:00:00,24,20,78.36,0,0,3.6,216.6,50.1,8,240,0.9,Partially cloudy,partly-cloudy-day
2023-03-07T10:00:00,24.7,19.1,70.89,0,0,3.6,90,78.6,17.1,193,0.7,Partially cloudy,partly-cloudy-day
2023-03-07T11:00:00,26,19,65.38,0,0,14.7,100,50.1,10,533,1.9,Partially cloudy,partly-cloudy-day
2023-03-07T12:00:00,26,18,61.41,0,0,16.6,100,28.8,10,886,3.2,Partially cloudy,partly-cloudy-day
2023-03-07T13:00:00,26.1,17.7,60.07,0,0,7.2,70,64.3,17.1,934,3.4,Partially cloudy,partly-cloudy-day
2023-03-07T14:00:00,26,17,57.66,0,0,18.4,80,28.8,10,873,3.1,Partially cloudy,partly-cloudy-day
2023-03-07T15:00:00,26,17,57.65,0,0,16.6,80,28.8,10,736,2.6,Partially cloudy,partly-cloudy-day
2023-03-07T16:00:00,25.4,17.7,62.38,0,0,9.4,90,64.3,17.1,504,1.8,Partially cloudy,partly-cloudy-day
2023-03-07T17:00:00,24,18,69.18,0,0,13,100,28.6,10,285,1,Partially cloudy,partly-cloudy-day
2023-03-07T18:00:00,24,17,64.96,0,0,7.6,100,28.6,10,59,0.2,Partially cloudy,partly-cloudy-night
2023-03-07T19:00:00,23.4,17.5,69.39,0.797,100,3.6,140,64.3,17.1,0,,"Rain, Partially cloudy",rain
2023-03-07T20:00:00,23,18,73.51,0,0,3.6,120,28.6,10,0,,Partially cloudy,partly-cloudy-night
2023-03-07T21:00:00,22,18,78.1,0,0,3.6,240,28.6,10,0,,Partially cloudy,partly-cloudy-night
2023-03-07T22:00:00,21.1,18.2,83.79,0,0,0,219.9,50.1,16,0,,Partially cloudy,partly-cloudy-night
2023-03-07T23:00:00,20,18,88.27,0,0,1.8,210,28.6,8,0,,Partially cloudy,partly-cloudy-night
2023-03-08T00:00:00,20,18,88.29,0,0,0,0,28.6,8,0,,Partially cloudy,partly-cloudy-night
2023-03-08T01:00:00,19.4,17.9,90.66,0,0,0.5,240,64.3,16.6,0,,Partially cloudy,partly-cloudy-night
2023-03-08T02:00:00,19,17,88.2,0,0,3.6,230,28.6,6,0,,Partially cloudy,partly-cloudy-night
2023-03-08T03:00:00,18,17,93.89,0,0,0,359,28.6,6,0,,Partially cloudy,partly-cloudy-night
2023-03-08T04:00:00,18.4,17,91.83,0,0,0,236.3,50.1,16,0,,Partially cloudy,partly-cloudy-night
2023-03-08T05:00:00,18,16,88.12,0,0,1.8,210,28.6,6,0,,Partially cloudy,partly-cloudy-night
2023-03-08T06:00:00,18,17,93.89,0,0,1.8,220,28.6,6,0,,Partially cloudy,partly-cloudy-night
2023-03-08T07:00:00,18.7,17.2,90.61,0,0,0,233.1,71.4,16.3,70,0.3,Partially cloudy,partly-cloudy-day
2023-03-08T08:00:00,22,18,78.08,0,0,0,359,28.6,10,311,1.1,Partially cloudy,partly-cloudy-day
2023-03-08T09:00:00,24,17,64.96,0,0,5.4,220,28.6,10,553,2,Partially cloudy,partly-cloudy-day
2023-03-08T10:00:00,25.7,16.9,58.12,0,0,3.6,230,64.3,17.1,761,2.7,Partially cloudy,partly-cloudy-day
2023-03-08T11:00:00,27,17,54.36,0,0,1.8,200,49.9,10,909,3.3,Partially cloudy,partly-cloudy-day
2023-03-08T12:00:00,27,17,54.35,0,0,9.4,150,28.6,10,984,3.5,Partially cloudy,partly-cloudy-day
2023-03-08T13:00:00,27.7,17.4,53.55,0,0,7.2,90,64.3,17.1,981,3.5,Partially cloudy,partly-cloudy-day
2023-03-08T14:00:00,27,17,54.36,0,0,14.8,90,28.6,10,899,3.2,Partially cloudy,partly-cloudy-day
2023-03-08T15:00:00,26,18,61.42,0,0,16.6,90,28.6,10,747,2.7,Partially cloudy,partly-cloudy-day
2023-03-08T16:00:00,25.4,19.1,67.93,0,0,13.6,90,64.3,17.1,536,1.9,Partially cloudy,partly-cloudy-day
2023-03-08T17:00:00,24,19,73.65,0,0,16.6,80,28.6,10,290,1,Partially cloudy,partly-cloudy-day
2023-03-08T18:00:00,24,19,73.66,0,0,9.4,80,28.6,10,58,0.2,Partially cloudy,partly-cloudy-night
2023-03-08T19:00:00,23.4,19,76.24,0,0,3.6,70,64.3,17.1,0,,Partially cloudy,partly-cloudy-night
2023-03-08T20:00:00,23,19,78.23,0,0,3.6,80,28.6,10,0,,Partially cloudy,partly-cloudy-night
2023-03-08T21:00:00,23,19,78.23,0,0,5.4,80,28.8,10,0,,Partially cloudy,partly-cloudy-night
2023-03-08T22:00:00,23.4,19.1,76.92,0,0,3.6,110,78.6,17.1,0,,Partially cloudy,partly-cloudy-night
2023-03-08T23:00:00,24,19,73.66,0,0,3.6,70,50.1,10,0,,Partially cloudy,partly-cloudy-night
2023-03-09T00:00:00,23,19,78.24,0,0,3.6,40,50.1,10,0,,Partially cloudy,partly-cloudy-night
2023-03-09T01:00:00,22.4,19.1,81.36,0,0,0.5,300,71.4,17.1,0,,Partially cloudy,partly-cloudy-night
2023-03-09T02:00:00,21,19,88.36,0,0,3.6,299,28.8,10,0,,Partially cloudy,partly-cloudy-night
2023-03-09T03:00:00,21,19,88.37,0,0,1.8,320,28.8,10,0,,Partially cloudy,partly-cloudy-night
2023-03-09T04:00:00,21.1,18.9,87.21,0,0,0,0,78.6,16.6,0,,Partially cloudy,partly-cloudy-night
2023-03-09T05:00:00,21,18,83.02,0,0,0,359,50.1,9,0,,Partially cloudy,partly-cloudy-night
2023-03-09T06:00:00,21,18,83.02,0,0,0,359,89.5,8,0,,Partially cloudy,partly-cloudy-day
2023-03-09T07:00:00,21.1,19.2,89.17,0.199,100,5.8,309,96.5,8.9,21,0.1,"Rain, Overcast",rain
2023-03-09T08:00:00,22,20,88.44,0,0,3.6,260,89.4,10,66,0.2,Partially cloudy,partly-cloudy-day
2023-03-09T09:00:00,23,18,73.49,0,0,3.6,210,89.4,10,153,0.6,Partially cloudy,partly-cloudy-day
2023-03-09T10:00:00,24.4,18.2,68.67,0,0,3.6,290,89.4,17.1,383,1.4,Partially cloudy,partly-cloudy-day
2023-03-09T11:00:00,25,18,65.21,0,0,3.6,80,89.4,10,449,1.6,Partially cloudy,partly-cloudy-day
2023-03-09T12:00:00,25,18,65.2,0,0,12.9,360,89.4,10,483,1.7,Partially cloudy,partly-cloudy-day
2023-03-09T13:00:00,25.7,18.5,64.2,0,0,3.6,360,89.4,17.1,580,2.1,Partially cloudy,partly-cloudy-day
2023-03-09T14:00:00,25,18,65.17,0,0,14.7,10,89.4,10,484,1.7,Partially cloudy,partly-cloudy-day
2023-03-09T15:00:00,25,19,69.39,0,0,11.2,20,89.4,10,368,1.3,Partially cloudy,partly-cloudy-day
2023-03-09T16:00:00,25.1,18.4,66.37,0,0,6.3,360,89.4,17.1,284,1,Partially cloudy,partly-cloudy-day
2023-03-09T17:00:00,24,19,73.64,0,0,11.1,20,50,10,145,0.5,Partially cloudy,partly-cloudy-day
2023-03-09T18:00:00,23,19,78.23,0,0,11.1,350,28.6,10,41,0.1,Partially cloudy,partly-cloudy-night
2023-03-09T19:00:00,22.7,18.7,78.21,0,0,0,15.8,64.3,17.1,0,,Partially cloudy,partly-cloudy-night
2023-03-09T20:00:00,22,20,88.42,0,0,7.5,320,28.8,10,0,,Partially cloudy,partly-cloudy-night
2023-03-09T21:00:00,21,19,88.36,0,0,3.6,330,28.6,10,0,,Partially cloudy,partly-cloudy-night
2023-03-09T22:00:00,21.4,19.1,86.48,0,0,0.5,314.7,64.3,17.1,0,,Partially cloudy,partly-cloudy-night
2023-03-09T23:00:00,21,18,83.02,0,0,0,0,28.6,8,0,,Partially cloudy,partly-cloudy-night
2023-03-10T00:00:00,20,18,88.27,0,0,3.6,290,28.6,7,0,,Partially cloudy,partly-cloudy-night
2023-03-10T01:00:00,19.7,18.4,91.91,0,0,0,260.2,64.3,16,0,,Partially cloudy,partly-cloudy-night
2023-03-10T02:00:00,19,18,93.93,0,0,0,0,28.6,6,0,,Partially cloudy,partly-cloudy-night
2023-03-10T03:00:00,18,17,93.89,0,0,3.6,220,28.6,6,0,,Partially cloudy,partly-cloudy-night
2023-03-10T04:00:00,18.4,17.1,91.83,0,0,0,360,50.1,16,0,,Partially cloudy,partly-cloudy-night
2023-03-10T05:00:00,18,17,93.89,0,0,1.8,230,28.6,6,0,,Partially cloudy,partly-cloudy-night
2023-03-10T06:00:00,18,17,93.89,0,0,5.4,220,28.6,6,0,,Partially cloudy,partly-cloudy-day
2023-03-10T07:00:00,18.9,17.4,91.04,0,0,3.1,206,64.3,16.6,72,0.3,Partially cloudy,partly-cloudy-day
2023-03-10T08:00:00,22,17,73.32,0,0,1.8,190,28.6,10,314,1.1,Partially cloudy,partly-cloudy-day
2023-03-10T09:00:00,25,18,65.19,0,0,3.6,201.6,28.6,10,558,2,Partially cloudy,partly-cloudy-day
2023-03-10T10:00:00,25.5,17.4,60.74,0,0,7.2,200,50.1,17.1,765,2.8,Partially cloudy,partly-cloudy-day
2023-03-10T11:00:00,27,17,54.36,0,0,3.6,90,28.6,10,914,3.3,Partially cloudy,partly-cloudy-day
2023-03-10T12:00:00,27,18,57.88,0,0,5.4,80,28.6,10,989,3.6,Partially cloudy,partly-cloudy-day
2023-03-10T13:00:00,27.4,16,49.96,0,0,7.2,90,50.1,17.1,987,3.6,Partially cloudy,partly-cloudy-day
2023-03-10T14:00:00,27,17,54.36,0,0,16.6,80,28.6,10,906,3.3,Partially cloudy,partly-cloudy-day
2023-03-10T15:00:00,27,18,57.89,0,0,18.4,90,28.6,10,754,2.7,Partially cloudy,partly-cloudy-day
2023-03-10T16:00:00,25.8,17.9,61.63,0,0,12.5,110,64.3,17.1,544,2,Partially cloudy,partly-cloudy-day
2023-03-10T17:00:00,24,18,69.19,0,0,13,70,28.6,10,296,1.1,Partially cloudy,partly-cloudy-day
2023-03-10T18:00:00,24,19,73.65,0,0,9.4,90,28.6,10,60,0.2,Partially cloudy,partly-cloudy-night
2023-03-10T19:00:00,23.4,19.1,76.58,0,0,7.2,110,64.3,17.1,0,,Partially cloudy,partly-cloudy-night
2023-03-10T20:00:00,23,20,83.24,0,0,3.6,100,28.6,10,0,,Partially cloudy,partly-cloudy-night
2023-03-10T21:00:00,23,20,83.24,0,0,3.6,240,50,8,0,,Partially cloudy,partly-cloudy-night
2023-03-10T22:00:00,22.4,19.1,81.37,0,0,4.1,209,78.6,16.6,0,,Partially cloudy,partly-cloudy-night
2023-03-10T23:00:00,22,19,83.13,0,0,5.4,240,50,8,0,,Partially cloudy,partly-cloudy-night
2023-03-11T00:00:00,22,19,83.14,0,0,5.4,240,50,8,0,,Partially cloudy,partly-cloudy-night
2023-03-11T01:00:00,22.1,19.2,83.9,0,0,1.5,230,78.6,16.6,0,,Partially cloudy,partly-cloudy-night
2023-03-11T02:00:00,22,19,83.14,0,0,0,359,50,8,0,,Partially cloudy,partly-cloudy-night
2023-03-11T03:00:00,22,19,83.14,0,0,0,359,50,8,0,,Partially cloudy,partly-cloudy-night
2023-03-11T04:00:00,20.5,19.1,91.54,0,0,0,234,78.6,16.6,0,,Partially cloudy,partly-cloudy-night
2023-03-11T05:00:00,20,18,88.29,0,0,3.6,210,28.6,8,0,,Partially cloudy,partly-cloudy-night
2023-03-11T06:00:00,20,18,88.29,0,0,1.8,200,28.6,8,0,,Partially cloudy,partly-cloudy-day
2023-03-11T07:00:00,20.5,18.4,87.56,0,0,0,233,71.4,16.6,76,0.3,Partially cloudy,partly-cloudy-day
2023-03-11T08:00:00,23,19,78.26,0,0,0,359,50,8,319,1.1,Partially cloudy,partly-cloudy-day
2023-03-11T09:00:00,25,19,69.37,0,0,1.8,230,89.3,10,563,2,Partially cloudy,partly-cloudy-day
2023-03-11T10:00:00,24.9,19.2,70.91,0,0,7.2,110,89.4,17.1,769,2.8,Partially cloudy,partly-cloudy-day
2023-03-11T11:00:00,27,19,61.65,0,0,11.2,80,50.1,10,894,3.2,Partially cloudy,partly-cloudy-day
2023-03-11T12:00:00,27,19,61.64,0,0,13,100,50.1,10,934,3.4,Partially cloudy,partly-cloudy-day
2023-03-11T13:00:00,27.1,19.1,61.66,0,0,7.2,90,64.3,17.1,962,3.5,Partially cloudy,partly-cloudy-day
2023-03-11T14:00:00,27,20,65.58,0,0,14.8,90,28.8,10,897,3.2,Partially cloudy,partly-cloudy-day
2023-03-11T15:00:00,26,19,65.37,0,0,16.6,90,28.6,10,752,2.7,Partially cloudy,partly-cloudy-day
2023-03-11T16:00:00,25.6,19.2,67.96,0,0,10.8,70,64.3,17.1,538,1.9,Partially cloudy,partly-cloudy-day
2023-03-11T17:00:00,25,19,69.39,0,0,13,90,28.8,10,295,1.1,Partially cloudy,partly-cloudy-day
2023-03-11T18:00:00,24,19,73.65,0,0,13,90,50.1,10,60,0.2,Partially cloudy,partly-cloudy-night
2023-03-11T19:00:00,24.4,19.7,75.38,0,0,10.9,113,89.4,17.1,0,,Partially cloudy,partly-cloudy-night
2023-03-11T20:00:00,24,20,78.37,0,0,9.4,120,89.4,10,0,,Partially cloudy,partly-cloudy-night
2023-03-11T21:00:00,24,19,73.66,0,0,7.6,130,89.4,10,0,,Partially cloudy,partly-cloudy-night
2023-03-11T22:00:00,24.1,19.6,76,0,0,3.1,129,89.4,17.1,0,,Partially cloudy,partly-cloudy-night
2023-03-11T23:00:00,23,19,78.23,0,0,0,1,89.3,10,0,,Partially cloudy,partly-cloudy-night
2023-03-12T00:00:00,23,20,83.24,0,0,1.8,290,89.3,10,0,,Partially cloudy,partly-cloudy-night
2023-03-12T01:00:00,23.4,20.1,81.85,0,0,0.5,300,89.4,17.1,0,,Partially cloudy,partly-cloudy-night
2023-03-12T02:00:00,23,20,83.26,0,0,1.8,180,89.3,8,0,,Partially cloudy,partly-cloudy-night
2023-03-12T03:00:00,23,20,83.26,0,0,0,358,89.3,8,0,,Partially cloudy,partly-cloudy-night
2023-03-12T04:00:00,22.4,20.1,86.58,0,0,3.1,290,78.6,16.6,0,,Partially cloudy,partly-cloudy-night
2023-03-12T05:00:00,21,19,88.37,0,0,3.6,340,50,8,0,,Partially cloudy,partly-cloudy-night
2023-03-12T06:00:00,21,19,88.39,0,0,3.6,330,50,8,0,,Partially cloudy,partly-cloudy-day
2023-03-12T07:00:00,21.9,19.5,86.13,0,0,0.5,310,64.3,16.6,72,0.3,Partially cloudy,partly-cloudy-day
2023-03-12T08:00:00,24,20,78.39,0,0,3.6,180,28.6,10,269,1,Partially cloudy,partly-cloudy-day
2023-03-12T09:00:00,26,20,69.58,0,0,3.6,190,28.6,10,421,1.5,Partially cloudy,partly-cloudy-day
2023-03-12T10:00:00,26.4,19.4,65.18,0,0,7.2,70,64.3,17.1,416,1.5,Partially cloudy,partly-cloudy-day
2023-03-12T11:00:00,27,19,61.62,0,0,14.7,360,50,10,374,1.3,Partially cloudy,partly-cloudy-day
2023-03-12T12:00:00,26,18,61.42,0,0,18.3,360,89.3,10,470,1.7,Partially cloudy,partly-cloudy-day
2023-03-12T13:00:00,25.5,17.9,62.95,0,0,10.4,360,96.5,17.1,553,2,Overcast,cloudy
2023-03-12T14:00:00,25,18,65.15,0,0,13,20,89.4,10,507,1.8,Partially cloudy,partly-cloudy-day
2023-03-12T15:00:00,26,18,61.42,0,0,11.2,10,89.4,10,459,1.7,Partially cloudy,partly-cloudy-day
2023-03-12T16:00:00,26.4,18.5,61.8,0,0,6.8,360,89.4,17.1,246,0.9,Partially cloudy,partly-cloudy-day
2023-03-12T17:00:00,25,19,69.4,0,0,12.9,10,89.4,10,121,0.4,Partially cloudy,partly-cloudy-day
2023-03-12T18:00:00,24,19,73.68,0,0,12.9,20,89.4,10,25,0.1,Partially cloudy,partly-cloudy-night
2023-03-12T19:00:00,24.4,19.7,75.05,0,0,6.3,3,89.4,17.1,0,,Partially cloudy,partly-cloudy-night
2023-03-12T20:00:00,24,20,78.39,0,0,11.1,10,89.4,10,0,,Partially cloudy,partly-cloudy-night
2023-03-12T21:00:00,23,20,83.24,0,0,12.9,360,89.4,10,0,,Partially cloudy,partly-cloudy-night
2023-03-12T22:00:00,23.9,20.2,80.12,0,0,5.8,3,89.4,17.1,0,,Partially cloudy,partly-cloudy-night
2023-03-12T23:00:00,24,20,78.4,0,0,5.4,360,89.4,10,0,,Partially cloudy,partly-cloudy-night
2023-03-13T00:00:00,23,21,88.54,0,0,9.3,350,89.4,10,0,,Partially cloudy,partly-cloudy-night
2023-03-13T01:00:00,23.4,20.4,83.3,0,0,1.6,340,89.5,17.1,0,,Partially cloudy,partly-cloudy-night
2023-03-13T02:00:00,23,20,83.26,0,0,9.3,350,89.4,10,0,,Partially cloudy,partly-cloudy-night
2023-03-13T03:00:00,23,20,83.24,0,0,7.5,350,89.4,10,0,,Partially cloudy,partly-cloudy-night
2023-03-13T04:00:00,23.3,20.7,84.87,0,0,0,57.3,90,20,0,,Partially cloudy,partly-cloudy-night
2023-03-13T05:00:00,23,20,83.24,0,0,5.4,310,89.4,10,0,,Partially cloudy,partly-cloudy-night
2023-03-13T06:00:00,23,20,83.24,0,0,5.4,320,89.4,8,0,,Partially cloudy,partly-cloudy-day
2023-03-13T07:00:00,23.1,20.5,85.12,0,0,1.6,328,89.5,16.6,71,0.3,Partially cloudy,partly-cloudy-day
2023-03-13T08:00:00,25,20,73.86,0,0,9.3,50,89.4,10,233,0.8,Partially cloudy,partly-cloudy-day
2023-03-13T09:00:00,26,19,65.37,0,0,13,60,28.8,10,497,1.8,Partially cloudy,partly-cloudy-day
2023-03-13T10:00:00,26.6,18.7,62.1,0,0,7.2,70,78.6,17.1,439,1.6,Partially cloudy,partly-cloudy-day
2023-03-13T11:00:00,26,19,65.37,0,0,11.2,50,50.1,10,743,2.7,Partially cloudy,partly-cloudy-day
2023-03-13T12:00:00,26,19,65.4,0,0,9.4,60,89.4,10,593,2.1,Partially cloudy,partly-cloudy-day
2023-03-13T13:00:00,24.3,20.7,80.15,0.299,100,11,360,96.5,9.2,743,2.7,"Rain, Overcast",rain
2023-03-13T14:00:00,25,21,78.49,0,0,14.8,20,89.4,8,485,1.7,Partially cloudy,partly-cloudy-day
2023-03-13T15:00:00,25,19,69.4,0,0,13,40,89.4,8,367,1.3,Partially cloudy,partly-cloudy-day
2023-03-13T16:00:00,24.4,20.4,78.42,0,0,8.5,343,96.5,9.2,247,0.9,Overcast,cloudy
2023-03-13T17:00:00,23,21,88.49,0,0,9.4,350,89.4,6,143,0.5,Partially cloudy,partly-cloudy-day
2023-03-13T18:00:00,23,20,83.23,0,0,14.8,10,89.4,6,58,0.2,Partially cloudy,partly-cloudy-night
2023-03-13T19:00:00,22.9,20.9,88.49,10.655,100,0,50,96.5,8.9,0,,"Rain, Overcast",rain
2023-03-13T20:00:00,23,20,83.24,0,0,12.9,10,89.4,6,0,,Partially cloudy,partly-cloudy-night
2023-03-13T21:00:00,23,21,88.5,0,0,11.1,20,89.4,6,0,,Partially cloudy,partly-cloudy-night
2023-03-13T22:00:00,22.7,20.2,85.82,0,0,1.6,20,89.4,9.2,0,,Partially cloudy,partly-cloudy-night
2023-03-13T23:00:00,22,20,88.45,0,0,1.8,300,89.4,6,0,,Partially cloudy,partly-cloudy-night
2023-03-14T00:00:00,23,20,83.26,0,0,0,359,89.4,7,0,,Partially cloudy,partly-cloudy-night
2023-03-14T01:00:00,22.5,20.9,90.46,0.997,100,0.5,360,89.4,9.1,0,,"Rain, Partially cloudy",rain
2023-03-14T02:00:00,22,20,88.45,0,0,3.6,360,89.4,6,0,,Partially cloudy,partly-cloudy-night
2023-03-14T03:00:00,22,20,88.44,0,0,7.6,360,89.4,6,0,,Partially cloudy,partly-cloudy-night
2023-03-14T04:00:00,22.1,20.4,90.02,0,0,5.8,360,78.6,8.9,0,,Partially cloudy,partly-cloudy-night
2023-03-14T05:00:00,22,20,88.44,0,0,13,350,89.4,6,0,,Partially cloudy,partly-cloudy-night
2023-03-14T06:00:00,21,20,94,0,0,3.6,260,89.4,6,0,,Partially cloudy,partly-cloudy-day
2023-03-14T07:00:00,21.4,20,91.59,0,0,3.6,49,96.6,8.9,46,0.2,Overcast,cloudy
2023-03-14T08:00:00,21,20,94,0,0,11.2,20,89.4,3,39,0.1,Partially cloudy,partly-cloudy-day
2023-03-14T09:00:00,22,20,88.42,0,0,7.6,330,89.4,7,45,0.2,Partially cloudy,partly-cloudy-day
2023-03-14T10:00:00,21.9,19.9,88.42,0,0,5.8,340,96.5,9.2,54,0.2,Overcast,cloudy
2023-03-14T11:00:00,21,20,93.98,0,0,16.5,360,89.4,8,62,0.2,Partially cloudy,partly-cloudy-day
2023-03-14T12:00:00,22,19,83.09,0,0,11.2,320,89.4,8,185,0.7,Partially cloudy,partly-cloudy-day
2023-03-14T13:00:00,23,19,78.21,0.199,100,3.6,290,96.6,10,403,1.5,"Rain, Overcast",rain
2023-03-14T14:00:00,24,19,73.66,0,0,7.6,350,89.4,10,704,2.5,Partially cloudy,partly-cloudy-day
2023-03-14T15:00:00,24,19,73.66,0,0,3.6,30,89.4,10,649,2.3,Partially cloudy,partly-cloudy-day
2023-03-14T16:00:00,24.2,19.2,73.69,0,0,4.7,343,96.5,10,464,1.7,Overcast,cloudy
2023-03-14T17:00:00,23,19,78.23,0,0,7.6,330,89.4,10,283,1,Partially cloudy,partly-cloudy-day
2023-03-14T18:00:00,23,19,78.24,0,0,3.6,310,89.4,10,58,0.2,Partially cloudy,partly-cloudy-night
2023-03-14T19:00:00,23,19.2,79.29,0,0,1,150,78.6,10,0,,Partially cloudy,partly-cloudy-night
2023-03-14T20:00:00,23,19,78.26,0,0,3.6,140,89.4,10,0,,Partially cloudy,partly-cloudy-night
2023-03-14T21:00:00,22,20,88.45,0,0,0,0,50,10,0,,Partially cloudy,partly-cloudy-night
2023-03-14T22:00:00,21.4,19.7,89.99,0,0,1,230,78.6,9.2,0,,Partially cloudy,partly-cloudy-night
2023-03-14T23:00:00,20,19,93.98,0,0,1.8,270,28.6,6,0,,Partially cloudy,partly-cloudy-night
2023-03-15T00:00:00,20,19,93.98,0,0,1.8,220,28.6,6,0,,Partially cloudy,partly-cloudy-night
2023-03-15T01:00:00,20.4,19.4,94,0,0,1,230,78.6,16,0,,Partially cloudy,partly-cloudy-night
2023-03-15T02:00:00,21,20,94.02,0,0,3.6,220,50,6,0,,Partially cloudy,partly-cloudy-night
2023-03-15T03:00:00,21,19,88.37,0,0,1.8,180,28.6,6,0,,Partially cloudy,partly-cloudy-night
2023-03-15T04:00:00,20,19,93.98,0,0,3.6,190,50.1,7,0,,Partially cloudy,partly-cloudy-night
2023-03-15T05:00:00,20,19,93.99,0,0,3.6,190,50.1,7,0,,Partially cloudy,partly-cloudy-night
2023-03-15T06:00:00,20,18,88.3,0,0,7.5,200,28.8,7,0,,Partially cloudy,partly-cloudy-day
2023-03-15T07:00:00,21,19.1,88.77,0,0,1.5,180,80,16.5,64,0.2,Partially cloudy,partly-cloudy-day
2023-03-15T08:00:00,23,19,78.21,0,0,3.6,190,58.9,10,261,0.9,Partially cloudy,partly-cloudy-day
2023-03-15T09:00:00,25,19,69.4,0,0,7.6,200,50,10,524,1.9,Partially cloudy,partly-cloudy-day
2023-03-15T10:00:00,26.4,19.4,65.47,0,0,7.3,51,64.3,17.1,681,2.5,Partially cloudy,partly-cloudy-day
2023-03-15T11:00:00,27,19,61.66,0,0,13,170,28.6,10,761,2.7,Partially cloudy,partly-cloudy-day
2023-03-15T12:00:00,27,20,65.59,0,0,16.5,110,28.6,10,976,3.5,Partially cloudy,partly-cloudy-day
2023-03-15T13:00:00,27.1,20.4,66.42,0,0,10.8,90,80,20,982,3.5,Partially cloudy,partly-cloudy-day
2023-03-15T14:00:00,23.9,20.4,80.79,0,0,16.9,91.6,96.7,24.1,877,3.2,Overcast,cloudy
2023-03-15T15:00:00,23.9,20.7,82.3,0,0,15.8,90.4,98.9,24.1,718,2.6,Overcast,cloudy
2023-03-15T16:00:00,26.1,20.9,73.07,0,0,10.8,90,80,20,487,1.8,Partially cloudy,partly-cloudy-day
2023-03-15T17:00:00,23.4,20.8,85.34,0,0,16.6,99,83.6,24.1,264,1,Partially cloudy,partly-cloudy-day
2023-03-15T18:00:00,22.7,20.5,87.41,0.1,100,12.6,104.7,32.3,24.1,55,0.2,"Rain, Partially cloudy",rain
2023-03-15T19:00:00,25,20.7,76.63,0,0,3.6,110,90,20,0,,Partially cloudy,partly-cloudy-night
2023-03-15T20:00:00,22.5,20.4,87.93,0,0,7.2,129.2,74.3,24.1,0,,Partially cloudy,partly-cloudy-night
2023-03-15T21:00:00,22.5,20.4,87.93,0,0,5.8,149.7,96.2,24.1,0,,Overcast,cloudy
2023-03-15T22:00:00,24.4,21.1,81.61,0,0,5.2,110,89.4,17.1,0,,Partially cloudy,partly-cloudy-night
2023-03-15T23:00:00,25,21,78.53,0,0,7.6,120,89.4,10,0,,Partially cloudy,partly-cloudy-night
2023-03-16T00:00:00,24,21,83.34,0,0,9.4,130,89.4,10,0,,Partially cloudy,partly-cloudy-night
2023-03-16T01:00:00,24.5,21.5,83.45,0,0,3.6,110,90,20,0,,Partially cloudy,partly-cloudy-night
2023-03-16T02:00:00,22.5,20,85.78,0,0,5.8,185.5,98.9,24.1,0,,Overcast,cloudy
2023-03-16T03:00:00,24,21,83.34,0,0,5.4,140,89.4,8,0,,Partially cloudy,partly-cloudy-night
2023-03-16T04:00:00,24,21.5,85.99,0,0,3.6,140,100,20,0,,Overcast,cloudy
2023-03-16T05:00:00,23,22,94.11,0,0,3.6,210,89.4,8,0,,Partially cloudy,partly-cloudy-night
2023-03-16T06:00:00,23,21,88.54,0,0,3.6,170,50,8,0,,Partially cloudy,partly-cloudy-day
2023-03-16T07:00:00,23.6,21.8,89.69,0,0,3.6,180,80,20,35,0.1,Partially cloudy,partly-cloudy-day
2023-03-16T08:00:00,23.2,20.9,86.91,0,0,10.1,127.3,97.7,23.5,148,0.5,Overcast,cloudy
2023-03-16T09:00:00,23.6,20.8,84.32,0,0,10.4,116.9,85.1,24.1,266,1,Partially cloudy,partly-cloudy-day
2023-03-16T10:00:00,27.4,20.5,65.96,0,0,7.3,140,78.6,17.1,420,1.5,Partially cloudy,partly-cloudy-day
2023-03-16T11:00:00,28,20,61.88,0,0,11.2,130,50,10,555,2,Partially cloudy,partly-cloudy-day
2023-03-16T12:00:00,27,21,69.74,0,0,14.8,90,28.6,10,971,3.5,Partially cloudy,partly-cloudy-day
2023-03-16T13:00:00,27.4,21,68.31,0,0,14.4,110,64.3,17.1,982,3.5,Partially cloudy,partly-cloudy-day
2023-03-16T14:00:00,27,21,69.75,0,0,16.6,100,28.6,10,897,3.2,Partially cloudy,partly-cloudy-day
2023-03-16T15:00:00,27,21,69.75,0,0,18.4,90,49.9,10,744,2.7,Partially cloudy,partly-cloudy-day
2023-03-16T16:00:00,26.1,21.1,73.57,0,0,10.8,70,90,20,537,1.9,Partially cloudy,partly-cloudy-day
2023-03-16T17:00:00,25,21,78.52,0,0,16.6,100,89.4,10,292,1.1,Partially cloudy,partly-cloudy-day
2023-03-16T18:00:00,25,21,78.52,0,0,11.2,90,50.1,10,61,0.2,Partially cloudy,partly-cloudy-night
2023-03-16T19:00:00,25.1,21.1,78.54,0.1,100,11.4,93,78.6,17.1,0,,"Rain, Partially cloudy",rain
2023-03-16T20:00:00,25,21,78.53,0,0,9.4,90,50.1,10,0,,Partially cloudy,partly-cloudy-night
2023-03-16T21:00:00,25,21,78.51,0,0,9.4,100,50.1,10,0,,Partially cloudy,partly-cloudy-night
2023-03-16T22:00:00,24.7,21.2,80.92,0,0,4.7,90,78.6,17.1,0,,Partially cloudy,partly-cloudy-night
2023-03-16T23:00:00,25,21,78.53,0,0,9.4,120,50.1,10,0,,Partially cloudy,partly-cloudy-night
2023-03-17T00:00:00,24,21,83.36,0,0,7.6,110,50.1,10,0,,Partially cloudy,partly-cloudy-night
2023-03-17T01:00:00,24.1,20.9,82.3,0,0,3.6,110,78.6,17.1,0,,Partially cloudy,partly-cloudy-night
2023-03-17T02:00:00,24,21,83.37,0,0,3.6,80,28.6,10,0,,Partially cloudy,partly-cloudy-night
2023-03-17T03:00:00,23,21,88.54,0,0,3.6,230,50,8,0,,Partially cloudy,partly-cloudy-night
2023-03-17T04:00:00,22.4,21,91.66,0,0,0.5,190,71.4,16.6,0,,Partially cloudy,partly-cloudy-night
2023-03-17T05:00:00,22,21,94.06,0,0,0,359,28.6,8,0,,Partially cloudy,partly-cloudy-night
2023-03-17T06:00:00,22,21,94.06,0,0,0,359,50,7,0,,Partially cloudy,partly-cloudy-day
2023-03-17T07:00:00,23.1,21.2,89.33,0,0,4.1,183,78.6,10,78,0.3,Partially cloudy,partly-cloudy-day
2023-03-17T08:00:00,25,21,78.51,0,0,11.1,170,50,10,296,1.1,Partially cloudy,partly-cloudy-day
2023-03-17T09:00:00,26,20,69.56,0,0,11.1,141,49.9,10,528,1.9,Partially cloudy,partly-cloudy-day
2023-03-17T10:00:00,26,20.4,71.1,0,0,9.3,48,78.6,17.1,708,2.5,Partially cloudy,partly-cloudy-day
2023-03-17T11:00:00,27,21,69.73,0,0,9.4,100,50,10,841,3,Partially cloudy,partly-cloudy-day
2023-03-17T12:00:00,28,21,65.78,0,0,11.2,90,28.6,10,936,3.4,Partially cloudy,partly-cloudy-day
2023-03-17T13:00:00,27.7,20.1,63.43,0,0,11.4,84,64.3,17.1,967,3.5,Partially cloudy,partly-cloudy-day
2023-03-17T14:00:00,28,21,65.8,0,0,13,100,28.6,10,909,3.3,Partially cloudy,partly-cloudy-day
2023-03-17T15:00:00,27,20,65.59,0,0,16.6,100,28.6,10,713,2.6,Partially cloudy,partly-cloudy-day
2023-03-17T16:00:00,26.7,20.9,70.3,0,0,12.4,104,64.3,17.1,499,1.8,Partially cloudy,partly-cloudy-day
2023-03-17T17:00:00,25,21,78.49,0,0,16.6,90,28.6,10,292,1.1,Partially cloudy,partly-cloudy-day
2023-03-17T18:00:00,25,21,78.5,0,0,11.2,90,89.2,10,63,0.2,Partially cloudy,partly-cloudy-night
2023-03-17T19:00:00,25,21,78.53,0,0,7.3,90,71.4,17.1,0,,Partially cloudy,partly-cloudy-night
2023-03-17T20:00:00,25,21,78.53,0,0,7.6,90,50,10,0,,Partially cloudy,partly-cloudy-night
2023-03-17T21:00:00,25,21,78.53,0,0,9.4,100,89.3,10,0,,Partially cloudy,partly-cloudy-night
2023-03-17T22:00:00,25,20.9,77.86,0,0,4.7,99,78.6,17.1,0,,Partially cloudy,partly-cloudy-night
2023-03-17T23:00:00,25,21,78.53,0,0,7.6,120,50.1,10,0,,Partially cloudy,partly-cloudy-night
2023-03-18T00:00:00,25,21,78.53,0,0,7.6,160,50.1,10,0,,Partially cloudy,partly-cloudy-night
2023-03-18T01:00:00,24.4,20.9,80.56,0,0,3.6,110,78.6,17.1,0,,Partially cloudy,partly-cloudy-night
2023-03-18T02:00:00,24,20,78.36,0,0,5.4,170,50,10,0,,Partially cloudy,partly-cloudy-night
2023-03-18T03:00:00,23,21,88.55,0,0,1.8,230,28.6,8,0,,Partially cloudy,partly-cloudy-night
2023-03-18T04:00:00,23.1,20.9,87.4,0,0,1.5,220,64.3,16.6,0,,Partially cloudy,partly-cloudy-night
2023-03-18T05:00:00,23,21,88.54,0,0,0,359,28.6,8,0,,Partially cloudy,partly-cloudy-night
2023-03-18T06:00:00,22,21,94.06,0,0,0,0,28.6,8,0,,Partially cloudy,partly-cloudy-day
2023-03-18T07:00:00,22.7,21.1,90.48,0,0,0,224.7,64.3,16.6,91,0.3,Partially cloudy,partly-cloudy-day
2023-03-18T08:00:00,25,21,78.51,0,0,7.5,170,28.6,10,338,1.2,Partially cloudy,partly-cloudy-day
2023-03-18T09:00:00,26,21,73.99,0,0,9.4,170,49.9,10,580,2.1,Partially cloudy,partly-cloudy-day
2023-03-18T10:00:00,27.3,20.5,66.22,0,0,3.6,160,78.6,17.1,783,2.8,Partially cloudy,partly-cloudy-day
2023-03-18T11:00:00,27,21,69.75,0,0,13,80,50,10,922,3.3,Partially cloudy,partly-cloudy-day
2023-03-18T12:00:00,27,20,65.59,0,0,13,90,28.6,10,966,3.5,Partially cloudy,partly-cloudy-day
2023-03-18T13:00:00,27.4,21,68.3,0,0,10.8,110,64.3,17.1,933,3.4,Partially cloudy,partly-cloudy-day
2023-03-18T14:00:00,27,21,69.74,0,0,13,100,28.6,10,901,3.2,Partially cloudy,partly-cloudy-day
2023-03-18T15:00:00,27,20,65.58,0,0,16.6,100,28.6,10,743,2.7,Partially cloudy,partly-cloudy-day
2023-03-18T16:00:00,26.4,20.5,69.93,0,0,7.2,90,78.6,17.1,536,1.9,Partially cloudy,partly-cloudy-day
2023-03-18T17:00:00,26,20,69.58,0,0,13,110,50,10,287,1,Partially cloudy,partly-cloudy-day
2023-03-18T18:00:00,25,20,73.82,0,0,11.2,120,50.1,10,59,0.2,Partially cloudy,partly-cloudy-night
2023-03-18T19:00:00,25.4,20.6,74.87,0,0,7.2,110,78.6,17.1,0,,Partially cloudy,partly-cloudy-night
2023-03-18T20:00:00,25,21,78.51,0,0,9.4,130,50.1,10,0,,Partially cloudy,partly-cloudy-night
2023-03-18T21:00:00,25,21,78.51,0,0,7.6,130,50.1,10,0,,Partially cloudy,partly-cloudy-night
2023-03-18T22:00:00,25.1,20.9,77.52,0,0,4.1,163,78.6,17.1,0,,Partially cloudy,partly-cloudy-night
2023-03-18T23:00:00,25,21,78.53,0,0,5.4,160,89.4,10,0,,Partially cloudy,partly-cloudy-night
2023-03-19T00:00:00,25,21,78.53,0,0,3.6,230,89.4,10,0,,Partially cloudy,partly-cloudy-night
2023-03-19T01:00:00,24.4,21.2,82.68,0,0,1.6,220,89.4,16.6,0,,Partially cloudy,partly-cloudy-night
2023-03-19T02:00:00,24,21,83.36,0,0,5.4,210,89.4,10,0,,Partially cloudy,partly-cloudy-night
2023-03-19T03:00:00,23,21,88.54,0,0,5.4,200,50.1,10,0,,Partially cloudy,partly-cloudy-night
2023-03-19T04:00:00,23.4,21.1,86.67,0,0,3.6,186,78.6,17.1,0,,Partially cloudy,partly-cloudy-night
2023-03-19T05:00:00,23,21,88.55,0,0,5.4,210,28.8,8,0,,Partially cloudy,partly-cloudy-night
2023-03-19T06:00:00,23,21,88.54,0,0,5.4,230,50,8,0,,Partially cloudy,partly-cloudy-day
2023-03-19T07:00:00,23.7,21.1,85.56,0,0,3.6,200,78.6,16.6,90,0.3,Partially cloudy,partly-cloudy-day
2023-03-19T08:00:00,25,21,78.53,0,0,11.1,190,49.9,10,336,1.2,Partially cloudy,partly-cloudy-day
2023-03-19T09:00:00,26,22,78.63,0,0,12.9,190,50,10,577,2.1,Partially cloudy,partly-cloudy-day
2023-03-19T10:00:00,26.5,21.4,73.71,0,0,10.4,140,89.4,17.1,779,2.8,Partially cloudy,partly-cloudy-day
2023-03-19T11:00:00,26,22,78.6,0,0,16.5,130,89.3,10,911,3.3,Partially cloudy,partly-cloudy-day
2023-03-19T12:00:00,27,21,69.73,0,0,14.8,120,89.3,10,979,3.5,Partially cloudy,partly-cloudy-day
2023-03-19T13:00:00,27.4,21,68.3,0,0,10.8,140,89.4,17.1,985,3.5,Partially cloudy,partly-cloudy-day
2023-03-19T14:00:00,27,21,69.73,0,0,18.3,120,89.3,10,904,3.3,Partially cloudy,partly-cloudy-day
2023-03-19T15:00:00,27,21,69.75,0,0,14.8,130,89.3,10,752,2.7,Partially cloudy,partly-cloudy-day
2023-03-19T16:00:00,26.7,20.2,67.58,0,0,7.2,140,96.5,10,539,1.9,Overcast,cloudy
2023-03-19T17:00:00,26,21,73.99,0,0,11.2,120,89.3,10,262,0.9,Partially cloudy,partly-cloudy-day
2023-03-19T18:00:00,26,21,74,0,0,9.3,130,89.3,10,49,0.2,Partially cloudy,partly-cloudy-night
2023-03-19T19:00:00,25.7,22.1,80.36,0,0,3.6,140,89.4,17.1,0,,Partially cloudy,partly-cloudy-night
2023-03-19T20:00:00,25,22,83.46,0,0,7.5,160,89.4,10,0,,Partially cloudy,partly-cloudy-night
2023-03-19T21:00:00,25,22,83.47,0,0,1.8,180,89.4,10,0,,Partially cloudy,partly-cloudy-night
2023-03-19T22:00:00,25.4,22.4,83.89,0,0,4.1,171,89.4,17.1,0,,Partially cloudy,partly-cloudy-night
2023-03-19T23:00:00,25,23,88.68,0,0,7.5,160,89.4,10,0,,Partially cloudy,partly-cloudy-night
2023-03-20T00:00:00,25,23,88.68,0,0,3.6,200,89.3,10,0,,Partially cloudy,partly-cloudy-night
2023-03-20T01:00:00,25.1,22.9,87.58,0,0,3.6,192,89.4,10,0,,Partially cloudy,partly-cloudy-night
2023-03-20T02:00:00,24,22,88.62,0,0,3.6,220,50.1,10,0,,Partially cloudy,partly-cloudy-night
2023-03-20T03:00:00,23,22,94.11,0,0,3.6,190,50.1,8,0,,Partially cloudy,partly-cloudy-night
2023-03-20T04:00:00,23.4,21.7,90.53,0,0,0.5,212.7,78.6,8.9,0,,Partially cloudy,partly-cloudy-night
2023-03-20T05:00:00,22,21,94.06,0,0,3.6,220,28.6,6,0,,Partially cloudy,partly-cloudy-night
2023-03-20T06:00:00,23,21,88.54,0,0,1.8,210,28.8,5,0,,Partially cloudy,partly-cloudy-day
2023-03-20T07:00:00,23.1,21.7,92.1,0,0,1.6,180,71.4,8.9,76,0.3,Partially cloudy,partly-cloudy-day
2023-03-20T08:00:00,25,22,83.46,0,0,5.4,220,28.6,8,287,1,Partially cloudy,partly-cloudy-day
2023-03-20T09:00:00,27,22,74.15,0,0,7.5,160,28.6,10,525,1.9,Partially cloudy,partly-cloudy-day
2023-03-20T10:00:00,27.7,22.5,73.31,0,0,4.1,152,64.3,10,779,2.8,Partially cloudy,partly-cloudy-day
2023-03-20T11:00:00,29,23,70.13,0,0,9.3,120,28.6,8,920,3.3,Partially cloudy,partly-cloudy-day
2023-03-20T12:00:00,29,22,66.01,0,0,14.7,100,28.6,8,949,3.4,Partially cloudy,partly-cloudy-day
2023-03-20T13:00:00,29.1,22.4,67.43,0,0,9.4,93,71.4,10,937,3.4,Partially cloudy,partly-cloudy-day
2023-03-20T14:00:00,29,23,70.13,0,0,22.3,120,28.6,10,890,3.2,Partially cloudy,partly-cloudy-day
2023-03-20T15:00:00,28,23,74.29,0,0,18.3,110,28.6,10,741,2.7,Partially cloudy,partly-cloudy-day
2023-03-20T16:00:00,26.5,23,81.43,0,0,12.4,110,71.4,10,535,1.9,Partially cloudy,partly-cloudy-day
2023-03-20T17:00:00,26,23,83.54,0,0,14.7,130,49.9,10,293,1.1,Partially cloudy,partly-cloudy-day
2023-03-20T18:00:00,26,23,83.55,0,0,11.1,130,89.2,10,61,0.2,Partially cloudy,partly-cloudy-night
2023-03-20T19:00:00,26,23.2,84.66,0,0,3.6,90,96.5,10,0,,Overcast,cloudy
2023-03-20T20:00:00,25,23,88.68,0,0,3.6,150,49.9,10,0,,Partially cloudy,partly-cloudy-night
2023-03-20T21:00:00,25,23,88.7,0,0,3.6,90,28.6,10,0,,Partially cloudy,partly-cloudy-night
2023-03-20T22:00:00,25.4,23.2,87.96,0,0,0.5,159.5,71.4,10,0,,Partially cloudy,partly-cloudy-night
2023-03-20T23:00:00,25,23,88.7,0,0,1.8,10,28.6,10,0,,Partially cloudy,partly-cloudy-night
2023-03-21T00:00:00,25,23,88.7,0,0,5.4,190,28.6,8,0,,Partially cloudy,partly-cloudy-night
2023-03-21T01:00:00,24.7,23.1,90.61,0,0,4.7,166,71.4,8.9,0,,Partially cloudy,partly-cloudy-night
2023-03-21T02:00:00,24,23,94.15,0,0,7.5,180,28.6,6,0,,Partially cloudy,partly-cloudy-night
2023-03-21T03:00:00,24,23,94.15,0,0,5.4,200,28.6,5,0,,Partially cloudy,partly-cloudy-night
2023-03-21T04:00:00,23.7,21.7,88.59,0,0,4.1,183,71.4,8.9,0,,Partially cloudy,partly-cloudy-night
2023-03-21T05:00:00,23,21,88.54,0,0,7.5,200,28.6,6,0,,Partially cloudy,partly-cloudy-night
2023-03-21T06:00:00,23,21,88.54,0,0,3.6,200,28.6,7,0,,Partially cloudy,partly-cloudy-day
2023-03-21T07:00:00,24,21.7,87.09,0,0,0,188.7,80,9.2,98,0.4,Partially cloudy,partly-cloudy-day
2023-03-21T08:00:00,26,22,78.64,0,0,11.1,180,0.2,8,342,1.2,Clear,clear-day
2023-03-21T09:00:00,28,23,74.29,0,0,9.4,170,50,10,582,2.1,Partially cloudy,partly-cloudy-day
2023-03-21T10:00:00,29.1,23.6,72.25,0,0,7.8,180,90,10,785,2.8,Partially cloudy,partly-cloudy-day
2023-03-21T11:00:00,31,24,66.39,0,0,5.4,130,0.1,8,926,3.3,Clear,clear-day
2023-03-21T12:00:00,31,24,66.36,0,0,12.9,100,0.1,8,996,3.6,Clear,clear-day
2023-03-21T13:00:00,30.7,24.2,68.33,0,0,11.9,90,80,16.6,985,3.5,Partially cloudy,partly-cloudy-day
2023-03-21T14:00:00,31,24,66.35,0,0,14.8,110,0.1,8,901,3.2,Clear,clear-day
2023-03-21T15:00:00,30,24,70.25,0,0,16.5,110,0.1,8,752,2.7,Clear,clear-day
2023-03-21T16:00:00,29.1,25.2,79.32,0,0,11.4,96,71.4,9.5,543,2,Partially cloudy,partly-cloudy-day
2023-03-21T17:00:00,27,24,83.6,0,0,7.6,110,28.6,8,298,1.1,Partially cloudy,partly-cloudy-day
2023-03-21T18:00:00,26,24,88.71,0,0,11.1,90,28.6,8,63,0.2,Partially cloudy,partly-cloudy-night
2023-03-21T19:00:00,26.5,24.1,86.91,0,0,7.2,90,64.3,9.5,0,,Partially cloudy,partly-cloudy-night
2023-03-21T20:00:00,26,24,88.74,0,0,3.6,60,28.6,8,0,,Partially cloudy,partly-cloudy-night
2023-03-21T21:00:00,26,24,88.76,0,0,3.6,100,28.6,8,0,,Partially cloudy,partly-cloudy-night
2023-03-21T22:00:00,26,24.1,89.15,0,0,4.1,90,71.4,9.5,0,,Partially cloudy,partly-cloudy-night
2023-03-21T23:00:00,26,24,88.76,0,0,3.6,130,50,7,0,,Partially cloudy,partly-cloudy-night
2023-03-22T00:00:00,25,24,94.19,0,0,3.6,120,50,6,0,,Partially cloudy,partly-cloudy-night
2023-03-22T01:00:00,25.2,24.1,93.4,0,0,0,140,78.6,8.9,0,,Partially cloudy,partly-cloudy-night
2023-03-22T02:00:00,25,24,94.19,0,0,0,358,50,6,0,,Partially cloudy,partly-cloudy-night
2023-03-22T03:00:00,25,24,94.19,0,0,7.6,160,50,6,0,,Partially cloudy,partly-cloudy-night
2023-03-22T04:00:00,25.1,23.7,92.2,0,0,1.5,202,71.4,8.9,0,,Partially cloudy,partly-cloudy-night
2023-03-22T05:00:00,25,23,88.7,0,0,7.6,180,28.6,5,0,,Partially cloudy,partly-cloudy-night
2023-03-22T06:00:00,24,23,94.13,0,0,5.4,180,28.6,5,0,,Partially cloudy,partly-cloudy-day
2023-03-22T07:00:00,26,23.9,88.02,0,0,3.6,180,64.3,16,104,0.4,Partially cloudy,partly-cloudy-day
2023-03-22T08:00:00,27,24,83.66,0,0,9.3,150,28.6,6,351,1.3,Partially cloudy,partly-cloudy-day
2023-03-22T09:00:00,29,23,70.1,0,0,9.4,190,0.1,7,592,2.1,Clear,clear-day
2023-03-22T10:00:00,30.1,24.4,71.77,0,0,10.4,90,80,16.3,793,2.9,Partially cloudy,partly-cloudy-day
2023-03-22T11:00:00,30,25,74.61,0,0,11.2,90,0.1,7,935,3.4,Clear,clear-day
2023-03-22T12:00:00,31,24,66.39,0,0,11.2,100,0.1,8,1004,3.6,Clear,clear-day
2023-03-22T13:00:00,31.4,24,65.01,0,0,10.8,90,80,16.6,991,3.6,Partially cloudy,partly-cloudy-day
2023-03-22T14:00:00,30,24,70.27,0,0,16.5,100,0.1,8,905,3.3,Clear,clear-day
2023-03-22T15:00:00,29,24,74.43,0,0,16.5,110,0.1,8,751,2.7,Clear,clear-day
2023-03-22T16:00:00,28.8,24.1,75.96,0,0,5.8,110,80,16.6,540,1.9,Partially cloudy,partly-cloudy-day
2023-03-22T17:00:00,28,24,78.87,0,0,11.2,100,0.1,8,297,1.1,Clear,clear-day
2023-03-22T18:00:00,26,24,88.71,0,0,9.3,80,28.6,7,63,0.2,Partially cloudy,partly-cloudy-night
2023-03-22T19:00:00,26.4,24.2,88.01,0,0,6.7,87,64.3,16.3,0,,Partially cloudy,partly-cloudy-night
2023-03-22T20:00:00,26,24,88.73,0,0,9.3,90,28.6,7,0,,Partially cloudy,partly-cloudy-night
2023-03-22T21:00:00,26,24,88.7,0,0,3.6,230,28.6,6,0,,Partially cloudy,partly-cloudy-night
2023-03-22T22:00:00,26.1,24.2,89.53,0,0,3.6,110,64.3,16,0,,Partially cloudy,partly-cloudy-night
2023-03-22T23:00:00,26,24,88.68,0,0,1.8,70,28.6,6,0,,Partially cloudy,partly-cloudy-night
2023-03-23T00:00:00,26,24,88.66,0,0,5.4,160,28.6,6,0,,Partially cloudy,partly-cloudy-night
2023-03-23T01:00:00,25.5,24.1,92.23,0,0,1,180,64.3,15.7,0,,Partially cloudy,partly-cloudy-night
2023-03-23T02:00:00,25,24,94.14,0,0,5.4,180,28.6,4,0,,Partially cloudy,partly-cloudy-night
2023-03-23T03:00:00,25,24,94.09,0,0,3.6,190,28.6,5,0,,Partially cloudy,partly-cloudy-night
2023-03-23T04:00:00,25.1,23.5,90.62,0,0,3.6,160,64.3,15.7,0,,Partially cloudy,partly-cloudy-night
2023-03-23T05:00:00,25,24,94.17,0,0,5.4,160,28.6,4,0,,Partially cloudy,partly-cloudy-night
2023-03-23T06:00:00,25,24,94.17,0,0,5.4,170,49.9,3,1,0,Partially cloudy,partly-cloudy-day
2023-03-23T07:00:00,25.5,24.2,93.02,0,0,3.6,140,71.4,15.1,107,0.4,Partially cloudy,partly-cloudy-day
2023-03-23T08:00:00,27,25,88.79,0,0,5.4,150,28.6,5,355,1.3,Partially cloudy,partly-cloudy-day
2023-03-23T09:00:00,29,24,74.46,0,0,11.1,190,0.1,7,595,2.1,Clear,clear-day
2023-03-23T10:00:00,30.1,25.1,74.59,0,0,10.8,89,90,16.6,797,2.9,Partially cloudy,partly-cloudy-day
2023-03-23T11:00:00,30,25,74.53,0,0,13,80,0.1,8,937,3.4,Clear,clear-day
2023-03-23T12:00:00,31,25,70.47,0,0,11.2,100,30,10,1006,3.6,Partially cloudy,partly-cloudy-day
2023-03-23T13:00:00,30.7,24,67.44,0,0,11.9,90,80,17.1,993,3.6,Partially cloudy,partly-cloudy-day
2023-03-23T14:00:00,30,24,70.25,0,0,16.5,100,30,10,900,3.2,Partially cloudy,partly-cloudy-day
2023-03-23T15:00:00,29,24,74.4,0,0,14.7,110,30,10,747,2.7,Partially cloudy,partly-cloudy-day
2023-03-23T16:00:00,27.8,24.1,80.51,0,0,7.2,110,71.4,16.6,537,1.9,Partially cloudy,partly-cloudy-day
2023-03-23T17:00:00,27,24,83.61,0,0,9.4,90,50,8,293,1.1,Partially cloudy,partly-cloudy-day
2023-03-23T18:00:00,26,24,88.71,0,0,3.6,200,50,7,63,0.2,Partially cloudy,partly-cloudy-night
2023-03-23T19:00:00,26.5,24.4,88.73,0,0,0,109.3,78.6,16,0,,Partially cloudy,partly-cloudy-night
2023-03-23T20:00:00,26,24,88.68,0,0,3.6,30,50,8,0,,Partially cloudy,partly-cloudy-night
2023-03-23T21:00:00,27,24,83.63,0,0,3.6,210,50,8,0,,Partially cloudy,partly-cloudy-night
2023-03-23T22:00:00,26.4,24.4,88.77,0,0,7.2,90,64.3,16.6,0,,Partially cloudy,partly-cloudy-night
2023-03-23T23:00:00,26,24,88.76,0,0,3.6,176.3,28.6,8,0,,Partially cloudy,partly-cloudy-night
